state,date,age_group,fertility_rate
Johor,2001-01-01,15-19,13.0
Johor,2001-01-01,20-24,90.0
Johor,2001-01-01,25-29,178.0
Johor,2001-01-01,30-34,153.0
Johor,2001-01-01,35-39,91.0
Johor,2001-01-01,40-44,27.0
Johor,2001-01-01,45-49,3.0
Johor,2001-01-01,tfr,2.78
Johor,2002-01-01,15-19,11.0
Johor,2002-01-01,20-24,84.0
Johor,2002-01-01,25-29,172.0
Johor,2002-01-01,30-34,148.0
Johor,2002-01-01,35-39,87.0
Johor,2002-01-01,40-44,26.0
Johor,2002-01-01,45-49,3.0
Johor,2002-01-01,tfr,2.66
Johor,2003-01-01,15-19,12.0
Johor,2003-01-01,20-24,80.0
Johor,2003-01-01,25-29,167.0
Johor,2003-01-01,30-34,142.0
Johor,2003-01-01,35-39,82.0
Johor,2003-01-01,40-44,25.0
Johor,2003-01-01,45-49,3.0
Johor,2003-01-01,tfr,2.55
Johor,2004-01-01,15-19,11.0
Johor,2004-01-01,20-24,76.0
Johor,2004-01-01,25-29,161.0
Johor,2004-01-01,30-34,139.0
Johor,2004-01-01,35-39,79.0
Johor,2004-01-01,40-44,24.0
Johor,2004-01-01,45-49,2.0
Johor,2004-01-01,tfr,2.47
Johor,2005-01-01,15-19,11.0
Johor,2005-01-01,20-24,72.0
Johor,2005-01-01,25-29,156.0
Johor,2005-01-01,30-34,139.0
Johor,2005-01-01,35-39,76.0
Johor,2005-01-01,40-44,22.0
Johor,2005-01-01,45-49,2.0
Johor,2005-01-01,tfr,2.39
Johor,2006-01-01,15-19,11.0
Johor,2006-01-01,20-24,70.0
Johor,2006-01-01,25-29,155.0
Johor,2006-01-01,30-34,137.0
Johor,2006-01-01,35-39,74.0
Johor,2006-01-01,40-44,22.0
Johor,2006-01-01,45-49,2.0
Johor,2006-01-01,tfr,2.36
Johor,2007-01-01,15-19,11.0
Johor,2007-01-01,20-24,68.0
Johor,2007-01-01,25-29,155.0
Johor,2007-01-01,30-34,139.0
Johor,2007-01-01,35-39,73.0
Johor,2007-01-01,40-44,22.0
Johor,2007-01-01,45-49,2.0
Johor,2007-01-01,tfr,2.35
Johor,2008-01-01,15-19,12.0
Johor,2008-01-01,20-24,66.0
Johor,2008-01-01,25-29,148.0
Johor,2008-01-01,30-34,140.0
Johor,2008-01-01,35-39,72.0
Johor,2008-01-01,40-44,21.0
Johor,2008-01-01,45-49,2.0
Johor,2008-01-01,tfr,2.3
Johor,2009-01-01,15-19,12.0
Johor,2009-01-01,20-24,65.0
Johor,2009-01-01,25-29,144.0
Johor,2009-01-01,30-34,137.0
Johor,2009-01-01,35-39,70.0
Johor,2009-01-01,40-44,19.0
Johor,2009-01-01,45-49,2.0
Johor,2009-01-01,tfr,2.25
Johor,2010-01-01,15-19,12.0
Johor,2010-01-01,20-24,59.0
Johor,2010-01-01,25-29,135.0
Johor,2010-01-01,30-34,131.0
Johor,2010-01-01,35-39,68.0
Johor,2010-01-01,40-44,18.0
Johor,2010-01-01,45-49,1.0
Johor,2010-01-01,tfr,2.13
Johor,2011-01-01,15-19,12.0
Johor,2011-01-01,20-24,59.0
Johor,2011-01-01,25-29,139.0
Johor,2011-01-01,30-34,133.0
Johor,2011-01-01,35-39,71.0
Johor,2011-01-01,40-44,19.0
Johor,2011-01-01,45-49,2.0
Johor,2011-01-01,tfr,2.17
Johor,2012-01-01,15-19,13.0
Johor,2012-01-01,20-24,59.0
Johor,2012-01-01,25-29,145.0
Johor,2012-01-01,30-34,136.0
Johor,2012-01-01,35-39,74.0
Johor,2012-01-01,40-44,18.0
Johor,2012-01-01,45-49,1.0
Johor,2012-01-01,tfr,2.23
Johor,2013-01-01,15-19,11.0
Johor,2013-01-01,20-24,55.0
Johor,2013-01-01,25-29,140.0
Johor,2013-01-01,30-34,126.0
Johor,2013-01-01,35-39,70.0
Johor,2013-01-01,40-44,18.0
Johor,2013-01-01,45-49,1.0
Johor,2013-01-01,tfr,2.11
Johor,2014-01-01,15-19,11.0
Johor,2014-01-01,20-24,56.0
Johor,2014-01-01,25-29,142.0
Johor,2014-01-01,30-34,130.0
Johor,2014-01-01,35-39,74.0
Johor,2014-01-01,40-44,18.0
Johor,2014-01-01,45-49,1.0
Johor,2014-01-01,tfr,2.16
Johor,2015-01-01,15-19,10.0
Johor,2015-01-01,20-24,54.0
Johor,2015-01-01,25-29,140.0
Johor,2015-01-01,30-34,130.0
Johor,2015-01-01,35-39,75.0
Johor,2015-01-01,40-44,18.0
Johor,2015-01-01,45-49,1.0
Johor,2015-01-01,tfr,2.14
Johor,2016-01-01,15-19,9.0
Johor,2016-01-01,20-24,52.0
Johor,2016-01-01,25-29,136.0
Johor,2016-01-01,30-34,128.0
Johor,2016-01-01,35-39,73.0
Johor,2016-01-01,40-44,19.0
Johor,2016-01-01,45-49,1.0
Johor,2016-01-01,tfr,2.09
Johor,2017-01-01,15-19,8.0
Johor,2017-01-01,20-24,51.0
Johor,2017-01-01,25-29,138.0
Johor,2017-01-01,30-34,130.0
Johor,2017-01-01,35-39,75.0
Johor,2017-01-01,40-44,20.0
Johor,2017-01-01,45-49,1.0
Johor,2017-01-01,tfr,2.12
Johor,2018-01-01,15-19,7.41
Johor,2018-01-01,20-24,48.5
Johor,2018-01-01,25-29,132.65
Johor,2018-01-01,30-34,132.69
Johor,2018-01-01,35-39,73.64
Johor,2018-01-01,40-44,21.31
Johor,2018-01-01,45-49,1.32
Johor,2018-01-01,tfr,2.09
Johor,2019-01-01,15-19,7.14
Johor,2019-01-01,20-24,46.89
Johor,2019-01-01,25-29,132.61
Johor,2019-01-01,30-34,129.4
Johor,2019-01-01,35-39,71.81
Johor,2019-01-01,40-44,21.28
Johor,2019-01-01,45-49,1.46
Johor,2019-01-01,tfr,2.05
Johor,2020-01-01,15-19,6.99
Johor,2020-01-01,20-24,42.8
Johor,2020-01-01,25-29,124.05
Johor,2020-01-01,30-34,123.05
Johor,2020-01-01,35-39,69.44
Johor,2020-01-01,40-44,20.07
Johor,2020-01-01,45-49,1.48
Johor,2020-01-01,tfr,1.94
Johor,2021-01-01,15-19,5.07
Johor,2021-01-01,20-24,35.0
Johor,2021-01-01,25-29,106.93
Johor,2021-01-01,30-34,104.62
Johor,2021-01-01,35-39,61.08
Johor,2021-01-01,40-44,17.97
Johor,2021-01-01,45-49,1.26
Johor,2021-01-01,tfr,1.66
Johor,2022-01-01,15-19,4.0
Johor,2022-01-01,20-24,35.0
Johor,2022-01-01,25-29,106.0
Johor,2022-01-01,30-34,99.0
Johor,2022-01-01,35-39,56.0
Johor,2022-01-01,40-44,16.0
Johor,2022-01-01,45-49,1.0
Johor,2022-01-01,tfr,1.59
Johor,2023-01-01,15-19,6.0
Johor,2023-01-01,20-24,37.0
Johor,2023-01-01,25-29,114.0
Johor,2023-01-01,30-34,120.0
Johor,2023-01-01,35-39,69.0
Johor,2023-01-01,40-44,17.0
Johor,2023-01-01,45-49,1.0
Johor,2023-01-01,tfr,1.82
Johor,2024-01-01,15-19,6.0
Johor,2024-01-01,20-24,34.0
Johor,2024-01-01,25-29,98.0
Johor,2024-01-01,30-34,110.0
Johor,2024-01-01,35-39,62.0
Johor,2024-01-01,40-44,16.0
Johor,2024-01-01,45-49,1.0
Johor,2024-01-01,tfr,1.6
Kedah,2001-01-01,15-19,11.0
Kedah,2001-01-01,20-24,101.0
Kedah,2001-01-01,25-29,198.0
Kedah,2001-01-01,30-34,167.0
Kedah,2001-01-01,35-39,107.0
Kedah,2001-01-01,40-44,40.0
Kedah,2001-01-01,45-49,4.0
Kedah,2001-01-01,tfr,3.14
Kedah,2002-01-01,15-19,9.0
Kedah,2002-01-01,20-24,91.0
Kedah,2002-01-01,25-29,191.0
Kedah,2002-01-01,30-34,162.0
Kedah,2002-01-01,35-39,101.0
Kedah,2002-01-01,40-44,35.0
Kedah,2002-01-01,45-49,4.0
Kedah,2002-01-01,tfr,2.97
Kedah,2003-01-01,15-19,9.0
Kedah,2003-01-01,20-24,86.0
Kedah,2003-01-01,25-29,186.0
Kedah,2003-01-01,30-34,154.0
Kedah,2003-01-01,35-39,94.0
Kedah,2003-01-01,40-44,32.0
Kedah,2003-01-01,45-49,3.0
Kedah,2003-01-01,tfr,2.82
Kedah,2004-01-01,15-19,9.0
Kedah,2004-01-01,20-24,79.0
Kedah,2004-01-01,25-29,181.0
Kedah,2004-01-01,30-34,155.0
Kedah,2004-01-01,35-39,92.0
Kedah,2004-01-01,40-44,31.0
Kedah,2004-01-01,45-49,3.0
Kedah,2004-01-01,tfr,2.75
Kedah,2005-01-01,15-19,9.0
Kedah,2005-01-01,20-24,76.0
Kedah,2005-01-01,25-29,173.0
Kedah,2005-01-01,30-34,151.0
Kedah,2005-01-01,35-39,89.0
Kedah,2005-01-01,40-44,30.0
Kedah,2005-01-01,45-49,3.0
Kedah,2005-01-01,tfr,2.65
Kedah,2006-01-01,15-19,8.0
Kedah,2006-01-01,20-24,77.0
Kedah,2006-01-01,25-29,172.0
Kedah,2006-01-01,30-34,146.0
Kedah,2006-01-01,35-39,84.0
Kedah,2006-01-01,40-44,27.0
Kedah,2006-01-01,45-49,2.0
Kedah,2006-01-01,tfr,2.58
Kedah,2007-01-01,15-19,9.0
Kedah,2007-01-01,20-24,74.0
Kedah,2007-01-01,25-29,169.0
Kedah,2007-01-01,30-34,147.0
Kedah,2007-01-01,35-39,83.0
Kedah,2007-01-01,40-44,27.0
Kedah,2007-01-01,45-49,2.0
Kedah,2007-01-01,tfr,2.56
Kedah,2008-01-01,15-19,9.0
Kedah,2008-01-01,20-24,77.0
Kedah,2008-01-01,25-29,178.0
Kedah,2008-01-01,30-34,150.0
Kedah,2008-01-01,35-39,83.0
Kedah,2008-01-01,40-44,26.0
Kedah,2008-01-01,45-49,2.0
Kedah,2008-01-01,tfr,2.63
Kedah,2009-01-01,15-19,10.0
Kedah,2009-01-01,20-24,78.0
Kedah,2009-01-01,25-29,180.0
Kedah,2009-01-01,30-34,152.0
Kedah,2009-01-01,35-39,83.0
Kedah,2009-01-01,40-44,26.0
Kedah,2009-01-01,45-49,2.0
Kedah,2009-01-01,tfr,2.66
Kedah,2010-01-01,15-19,9.0
Kedah,2010-01-01,20-24,71.0
Kedah,2010-01-01,25-29,178.0
Kedah,2010-01-01,30-34,152.0
Kedah,2010-01-01,35-39,80.0
Kedah,2010-01-01,40-44,24.0
Kedah,2010-01-01,45-49,2.0
Kedah,2010-01-01,tfr,2.58
Kedah,2011-01-01,15-19,9.0
Kedah,2011-01-01,20-24,64.0
Kedah,2011-01-01,25-29,184.0
Kedah,2011-01-01,30-34,159.0
Kedah,2011-01-01,35-39,82.0
Kedah,2011-01-01,40-44,23.0
Kedah,2011-01-01,45-49,2.0
Kedah,2011-01-01,tfr,2.61
Kedah,2012-01-01,15-19,9.0
Kedah,2012-01-01,20-24,61.0
Kedah,2012-01-01,25-29,178.0
Kedah,2012-01-01,30-34,163.0
Kedah,2012-01-01,35-39,85.0
Kedah,2012-01-01,40-44,22.0
Kedah,2012-01-01,45-49,2.0
Kedah,2012-01-01,tfr,2.6
Kedah,2013-01-01,15-19,8.0
Kedah,2013-01-01,20-24,57.0
Kedah,2013-01-01,25-29,168.0
Kedah,2013-01-01,30-34,150.0
Kedah,2013-01-01,35-39,79.0
Kedah,2013-01-01,40-44,20.0
Kedah,2013-01-01,45-49,2.0
Kedah,2013-01-01,tfr,2.42
Kedah,2014-01-01,15-19,9.0
Kedah,2014-01-01,20-24,54.0
Kedah,2014-01-01,25-29,166.0
Kedah,2014-01-01,30-34,156.0
Kedah,2014-01-01,35-39,86.0
Kedah,2014-01-01,40-44,22.0
Kedah,2014-01-01,45-49,2.0
Kedah,2014-01-01,tfr,2.47
Kedah,2015-01-01,15-19,8.0
Kedah,2015-01-01,20-24,52.0
Kedah,2015-01-01,25-29,159.0
Kedah,2015-01-01,30-34,154.0
Kedah,2015-01-01,35-39,85.0
Kedah,2015-01-01,40-44,22.0
Kedah,2015-01-01,45-49,1.0
Kedah,2015-01-01,tfr,2.41
Kedah,2016-01-01,15-19,7.0
Kedah,2016-01-01,20-24,51.0
Kedah,2016-01-01,25-29,146.0
Kedah,2016-01-01,30-34,149.0
Kedah,2016-01-01,35-39,85.0
Kedah,2016-01-01,40-44,22.0
Kedah,2016-01-01,45-49,1.0
Kedah,2016-01-01,tfr,2.31
Kedah,2017-01-01,15-19,7.0
Kedah,2017-01-01,20-24,50.0
Kedah,2017-01-01,25-29,140.0
Kedah,2017-01-01,30-34,150.0
Kedah,2017-01-01,35-39,88.0
Kedah,2017-01-01,40-44,24.0
Kedah,2017-01-01,45-49,2.0
Kedah,2017-01-01,tfr,2.31
Kedah,2018-01-01,15-19,6.83
Kedah,2018-01-01,20-24,46.58
Kedah,2018-01-01,25-29,131.5
Kedah,2018-01-01,30-34,144.31
Kedah,2018-01-01,35-39,87.38
Kedah,2018-01-01,40-44,22.04
Kedah,2018-01-01,45-49,1.37
Kedah,2018-01-01,tfr,2.2
Kedah,2019-01-01,15-19,6.97
Kedah,2019-01-01,20-24,43.95
Kedah,2019-01-01,25-29,124.02
Kedah,2019-01-01,30-34,135.05
Kedah,2019-01-01,35-39,84.76
Kedah,2019-01-01,40-44,22.73
Kedah,2019-01-01,45-49,1.43
Kedah,2019-01-01,tfr,2.09
Kedah,2020-01-01,15-19,6.81
Kedah,2020-01-01,20-24,43.54
Kedah,2020-01-01,25-29,118.51
Kedah,2020-01-01,30-34,129.7
Kedah,2020-01-01,35-39,82.78
Kedah,2020-01-01,40-44,22.73
Kedah,2020-01-01,45-49,1.37
Kedah,2020-01-01,tfr,2.03
Kedah,2021-01-01,15-19,6.06
Kedah,2021-01-01,20-24,42.93
Kedah,2021-01-01,25-29,119.12
Kedah,2021-01-01,30-34,126.34
Kedah,2021-01-01,35-39,87.14
Kedah,2021-01-01,40-44,21.96
Kedah,2021-01-01,45-49,1.46
Kedah,2021-01-01,tfr,2.03
Kedah,2022-01-01,15-19,6.0
Kedah,2022-01-01,20-24,44.0
Kedah,2022-01-01,25-29,111.0
Kedah,2022-01-01,30-34,110.0
Kedah,2022-01-01,35-39,74.0
Kedah,2022-01-01,40-44,20.0
Kedah,2022-01-01,45-49,1.0
Kedah,2022-01-01,tfr,1.83
Kedah,2023-01-01,15-19,9.0
Kedah,2023-01-01,20-24,48.0
Kedah,2023-01-01,25-29,115.0
Kedah,2023-01-01,30-34,118.0
Kedah,2023-01-01,35-39,81.0
Kedah,2023-01-01,40-44,23.0
Kedah,2023-01-01,45-49,1.0
Kedah,2023-01-01,tfr,1.98
Kedah,2024-01-01,15-19,8.0
Kedah,2024-01-01,20-24,42.0
Kedah,2024-01-01,25-29,102.0
Kedah,2024-01-01,30-34,104.0
Kedah,2024-01-01,35-39,72.0
Kedah,2024-01-01,40-44,20.0
Kedah,2024-01-01,45-49,1.0
Kedah,2024-01-01,tfr,1.8
Kelantan,2001-01-01,15-19,15.0
Kelantan,2001-01-01,20-24,140.0
Kelantan,2001-01-01,25-29,342.0
Kelantan,2001-01-01,30-34,231.0
Kelantan,2001-01-01,35-39,160.0
Kelantan,2001-01-01,40-44,75.0
Kelantan,2001-01-01,45-49,10.0
Kelantan,2001-01-01,tfr,4.87
Kelantan,2002-01-01,15-19,14.0
Kelantan,2002-01-01,20-24,118.0
Kelantan,2002-01-01,25-29,311.0
Kelantan,2002-01-01,30-34,238.0
Kelantan,2002-01-01,35-39,153.0
Kelantan,2002-01-01,40-44,75.0
Kelantan,2002-01-01,45-49,9.0
Kelantan,2002-01-01,tfr,4.59
Kelantan,2003-01-01,15-19,14.0
Kelantan,2003-01-01,20-24,108.0
Kelantan,2003-01-01,25-29,281.0
Kelantan,2003-01-01,30-34,234.0
Kelantan,2003-01-01,35-39,141.0
Kelantan,2003-01-01,40-44,63.0
Kelantan,2003-01-01,45-49,8.0
Kelantan,2003-01-01,tfr,4.24
Kelantan,2004-01-01,15-19,14.0
Kelantan,2004-01-01,20-24,101.0
Kelantan,2004-01-01,25-29,254.0
Kelantan,2004-01-01,30-34,231.0
Kelantan,2004-01-01,35-39,140.0
Kelantan,2004-01-01,40-44,61.0
Kelantan,2004-01-01,45-49,7.0
Kelantan,2004-01-01,tfr,4.04
Kelantan,2005-01-01,15-19,14.0
Kelantan,2005-01-01,20-24,97.0
Kelantan,2005-01-01,25-29,232.0
Kelantan,2005-01-01,30-34,222.0
Kelantan,2005-01-01,35-39,133.0
Kelantan,2005-01-01,40-44,56.0
Kelantan,2005-01-01,45-49,7.0
Kelantan,2005-01-01,tfr,3.8
Kelantan,2006-01-01,15-19,13.0
Kelantan,2006-01-01,20-24,98.0
Kelantan,2006-01-01,25-29,225.0
Kelantan,2006-01-01,30-34,206.0
Kelantan,2006-01-01,35-39,126.0
Kelantan,2006-01-01,40-44,55.0
Kelantan,2006-01-01,45-49,6.0
Kelantan,2006-01-01,tfr,3.64
Kelantan,2007-01-01,15-19,15.0
Kelantan,2007-01-01,20-24,100.0
Kelantan,2007-01-01,25-29,215.0
Kelantan,2007-01-01,30-34,197.0
Kelantan,2007-01-01,35-39,131.0
Kelantan,2007-01-01,40-44,50.0
Kelantan,2007-01-01,45-49,6.0
Kelantan,2007-01-01,tfr,3.57
Kelantan,2008-01-01,15-19,16.0
Kelantan,2008-01-01,20-24,106.0
Kelantan,2008-01-01,25-29,223.0
Kelantan,2008-01-01,30-34,199.0
Kelantan,2008-01-01,35-39,124.0
Kelantan,2008-01-01,40-44,48.0
Kelantan,2008-01-01,45-49,5.0
Kelantan,2008-01-01,tfr,3.61
Kelantan,2009-01-01,15-19,17.0
Kelantan,2009-01-01,20-24,109.0
Kelantan,2009-01-01,25-29,236.0
Kelantan,2009-01-01,30-34,195.0
Kelantan,2009-01-01,35-39,124.0
Kelantan,2009-01-01,40-44,46.0
Kelantan,2009-01-01,45-49,5.0
Kelantan,2009-01-01,tfr,3.66
Kelantan,2010-01-01,15-19,16.0
Kelantan,2010-01-01,20-24,107.0
Kelantan,2010-01-01,25-29,253.0
Kelantan,2010-01-01,30-34,193.0
Kelantan,2010-01-01,35-39,119.0
Kelantan,2010-01-01,40-44,43.0
Kelantan,2010-01-01,45-49,5.0
Kelantan,2010-01-01,tfr,3.68
Kelantan,2011-01-01,15-19,16.0
Kelantan,2011-01-01,20-24,96.0
Kelantan,2011-01-01,25-29,259.0
Kelantan,2011-01-01,30-34,213.0
Kelantan,2011-01-01,35-39,120.0
Kelantan,2011-01-01,40-44,45.0
Kelantan,2011-01-01,45-49,4.0
Kelantan,2011-01-01,tfr,3.77
Kelantan,2012-01-01,15-19,15.0
Kelantan,2012-01-01,20-24,83.0
Kelantan,2012-01-01,25-29,250.0
Kelantan,2012-01-01,30-34,205.0
Kelantan,2012-01-01,35-39,120.0
Kelantan,2012-01-01,40-44,44.0
Kelantan,2012-01-01,45-49,4.0
Kelantan,2012-01-01,tfr,3.6
Kelantan,2013-01-01,15-19,14.0
Kelantan,2013-01-01,20-24,72.0
Kelantan,2013-01-01,25-29,247.0
Kelantan,2013-01-01,30-34,198.0
Kelantan,2013-01-01,35-39,113.0
Kelantan,2013-01-01,40-44,40.0
Kelantan,2013-01-01,45-49,4.0
Kelantan,2013-01-01,tfr,3.44
Kelantan,2014-01-01,15-19,14.0
Kelantan,2014-01-01,20-24,71.0
Kelantan,2014-01-01,25-29,250.0
Kelantan,2014-01-01,30-34,215.0
Kelantan,2014-01-01,35-39,121.0
Kelantan,2014-01-01,40-44,40.0
Kelantan,2014-01-01,45-49,4.0
Kelantan,2014-01-01,tfr,3.57
Kelantan,2015-01-01,15-19,13.0
Kelantan,2015-01-01,20-24,64.0
Kelantan,2015-01-01,25-29,230.0
Kelantan,2015-01-01,30-34,212.0
Kelantan,2015-01-01,35-39,123.0
Kelantan,2015-01-01,40-44,38.0
Kelantan,2015-01-01,45-49,4.0
Kelantan,2015-01-01,tfr,3.42
Kelantan,2016-01-01,15-19,12.0
Kelantan,2016-01-01,20-24,61.0
Kelantan,2016-01-01,25-29,204.0
Kelantan,2016-01-01,30-34,211.0
Kelantan,2016-01-01,35-39,117.0
Kelantan,2016-01-01,40-44,38.0
Kelantan,2016-01-01,45-49,3.0
Kelantan,2016-01-01,tfr,3.23
Kelantan,2017-01-01,15-19,10.0
Kelantan,2017-01-01,20-24,61.0
Kelantan,2017-01-01,25-29,185.0
Kelantan,2017-01-01,30-34,214.0
Kelantan,2017-01-01,35-39,121.0
Kelantan,2017-01-01,40-44,38.0
Kelantan,2017-01-01,45-49,3.0
Kelantan,2017-01-01,tfr,3.16
Kelantan,2018-01-01,15-19,8.75
Kelantan,2018-01-01,20-24,55.05
Kelantan,2018-01-01,25-29,163.06
Kelantan,2018-01-01,30-34,209.28
Kelantan,2018-01-01,35-39,120.3
Kelantan,2018-01-01,40-44,39.78
Kelantan,2018-01-01,45-49,3.13
Kelantan,2018-01-01,tfr,3.0
Kelantan,2019-01-01,15-19,8.77
Kelantan,2019-01-01,20-24,52.96
Kelantan,2019-01-01,25-29,142.51
Kelantan,2019-01-01,30-34,192.28
Kelantan,2019-01-01,35-39,117.8
Kelantan,2019-01-01,40-44,36.95
Kelantan,2019-01-01,45-49,2.99
Kelantan,2019-01-01,tfr,2.77
Kelantan,2020-01-01,15-19,8.19
Kelantan,2020-01-01,20-24,50.94
Kelantan,2020-01-01,25-29,128.81
Kelantan,2020-01-01,30-34,185.59
Kelantan,2020-01-01,35-39,117.29
Kelantan,2020-01-01,40-44,37.61
Kelantan,2020-01-01,45-49,2.96
Kelantan,2020-01-01,tfr,2.66
Kelantan,2021-01-01,15-19,6.41
Kelantan,2021-01-01,20-24,47.67
Kelantan,2021-01-01,25-29,180.24
Kelantan,2021-01-01,30-34,183.38
Kelantan,2021-01-01,35-39,107.42
Kelantan,2021-01-01,40-44,38.16
Kelantan,2021-01-01,45-49,3.32
Kelantan,2021-01-01,tfr,2.83
Kelantan,2022-01-01,15-19,6.0
Kelantan,2022-01-01,20-24,47.0
Kelantan,2022-01-01,25-29,168.0
Kelantan,2022-01-01,30-34,171.0
Kelantan,2022-01-01,35-39,102.0
Kelantan,2022-01-01,40-44,35.0
Kelantan,2022-01-01,45-49,2.0
Kelantan,2022-01-01,tfr,2.65
Kelantan,2023-01-01,15-19,7.0
Kelantan,2023-01-01,20-24,44.0
Kelantan,2023-01-01,25-29,156.0
Kelantan,2023-01-01,30-34,187.0
Kelantan,2023-01-01,35-39,112.0
Kelantan,2023-01-01,40-44,35.0
Kelantan,2023-01-01,45-49,2.0
Kelantan,2023-01-01,tfr,2.72
Kelantan,2024-01-01,15-19,7.0
Kelantan,2024-01-01,20-24,36.0
Kelantan,2024-01-01,25-29,124.0
Kelantan,2024-01-01,30-34,162.0
Kelantan,2024-01-01,35-39,104.0
Kelantan,2024-01-01,40-44,33.0
Kelantan,2024-01-01,45-49,2.0
Kelantan,2024-01-01,tfr,2.3
Melaka,2001-01-01,15-19,10.0
Melaka,2001-01-01,20-24,89.0
Melaka,2001-01-01,25-29,197.0
Melaka,2001-01-01,30-34,168.0
Melaka,2001-01-01,35-39,94.0
Melaka,2001-01-01,40-44,27.0
Melaka,2001-01-01,45-49,2.0
Melaka,2001-01-01,tfr,2.94
Melaka,2002-01-01,15-19,8.0
Melaka,2002-01-01,20-24,82.0
Melaka,2002-01-01,25-29,193.0
Melaka,2002-01-01,30-34,154.0
Melaka,2002-01-01,35-39,88.0
Melaka,2002-01-01,40-44,26.0
Melaka,2002-01-01,45-49,2.0
Melaka,2002-01-01,tfr,2.77
Melaka,2003-01-01,15-19,9.0
Melaka,2003-01-01,20-24,76.0
Melaka,2003-01-01,25-29,191.0
Melaka,2003-01-01,30-34,156.0
Melaka,2003-01-01,35-39,88.0
Melaka,2003-01-01,40-44,23.0
Melaka,2003-01-01,45-49,2.0
Melaka,2003-01-01,tfr,2.72
Melaka,2004-01-01,15-19,8.0
Melaka,2004-01-01,20-24,72.0
Melaka,2004-01-01,25-29,184.0
Melaka,2004-01-01,30-34,152.0
Melaka,2004-01-01,35-39,79.0
Melaka,2004-01-01,40-44,24.0
Melaka,2004-01-01,45-49,1.0
Melaka,2004-01-01,tfr,2.6
Melaka,2005-01-01,15-19,7.0
Melaka,2005-01-01,20-24,68.0
Melaka,2005-01-01,25-29,180.0
Melaka,2005-01-01,30-34,147.0
Melaka,2005-01-01,35-39,75.0
Melaka,2005-01-01,40-44,19.0
Melaka,2005-01-01,45-49,2.0
Melaka,2005-01-01,tfr,2.5
Melaka,2006-01-01,15-19,7.0
Melaka,2006-01-01,20-24,66.0
Melaka,2006-01-01,25-29,163.0
Melaka,2006-01-01,30-34,146.0
Melaka,2006-01-01,35-39,71.0
Melaka,2006-01-01,40-44,20.0
Melaka,2006-01-01,45-49,1.0
Melaka,2006-01-01,tfr,2.36
Melaka,2007-01-01,15-19,7.0
Melaka,2007-01-01,20-24,62.0
Melaka,2007-01-01,25-29,167.0
Melaka,2007-01-01,30-34,152.0
Melaka,2007-01-01,35-39,71.0
Melaka,2007-01-01,40-44,18.0
Melaka,2007-01-01,45-49,2.0
Melaka,2007-01-01,tfr,2.4
Melaka,2008-01-01,15-19,7.0
Melaka,2008-01-01,20-24,60.0
Melaka,2008-01-01,25-29,159.0
Melaka,2008-01-01,30-34,156.0
Melaka,2008-01-01,35-39,72.0
Melaka,2008-01-01,40-44,18.0
Melaka,2008-01-01,45-49,1.0
Melaka,2008-01-01,tfr,2.36
Melaka,2009-01-01,15-19,6.0
Melaka,2009-01-01,20-24,57.0
Melaka,2009-01-01,25-29,153.0
Melaka,2009-01-01,30-34,150.0
Melaka,2009-01-01,35-39,69.0
Melaka,2009-01-01,40-44,16.0
Melaka,2009-01-01,45-49,1.0
Melaka,2009-01-01,tfr,2.26
Melaka,2010-01-01,15-19,6.0
Melaka,2010-01-01,20-24,49.0
Melaka,2010-01-01,25-29,148.0
Melaka,2010-01-01,30-34,141.0
Melaka,2010-01-01,35-39,66.0
Melaka,2010-01-01,40-44,14.0
Melaka,2010-01-01,45-49,1.0
Melaka,2010-01-01,tfr,2.12
Melaka,2011-01-01,15-19,7.0
Melaka,2011-01-01,20-24,47.0
Melaka,2011-01-01,25-29,151.0
Melaka,2011-01-01,30-34,148.0
Melaka,2011-01-01,35-39,77.0
Melaka,2011-01-01,40-44,15.0
Melaka,2011-01-01,45-49,1.0
Melaka,2011-01-01,tfr,2.23
Melaka,2012-01-01,15-19,8.0
Melaka,2012-01-01,20-24,42.0
Melaka,2012-01-01,25-29,147.0
Melaka,2012-01-01,30-34,151.0
Melaka,2012-01-01,35-39,80.0
Melaka,2012-01-01,40-44,17.0
Melaka,2012-01-01,45-49,1.0
Melaka,2012-01-01,tfr,2.23
Melaka,2013-01-01,15-19,7.0
Melaka,2013-01-01,20-24,38.0
Melaka,2013-01-01,25-29,138.0
Melaka,2013-01-01,30-34,140.0
Melaka,2013-01-01,35-39,74.0
Melaka,2013-01-01,40-44,16.0
Melaka,2013-01-01,45-49,1.0
Melaka,2013-01-01,tfr,2.06
Melaka,2014-01-01,15-19,7.0
Melaka,2014-01-01,20-24,36.0
Melaka,2014-01-01,25-29,138.0
Melaka,2014-01-01,30-34,146.0
Melaka,2014-01-01,35-39,80.0
Melaka,2014-01-01,40-44,17.0
Melaka,2014-01-01,45-49,1.0
Melaka,2014-01-01,tfr,2.13
Melaka,2015-01-01,15-19,7.0
Melaka,2015-01-01,20-24,34.0
Melaka,2015-01-01,25-29,129.0
Melaka,2015-01-01,30-34,141.0
Melaka,2015-01-01,35-39,80.0
Melaka,2015-01-01,40-44,18.0
Melaka,2015-01-01,45-49,1.0
Melaka,2015-01-01,tfr,2.05
Melaka,2016-01-01,15-19,6.0
Melaka,2016-01-01,20-24,36.0
Melaka,2016-01-01,25-29,115.0
Melaka,2016-01-01,30-34,137.0
Melaka,2016-01-01,35-39,80.0
Melaka,2016-01-01,40-44,18.0
Melaka,2016-01-01,45-49,1.0
Melaka,2016-01-01,tfr,1.96
Melaka,2017-01-01,15-19,6.0
Melaka,2017-01-01,20-24,35.0
Melaka,2017-01-01,25-29,107.0
Melaka,2017-01-01,30-34,131.0
Melaka,2017-01-01,35-39,81.0
Melaka,2017-01-01,40-44,19.0
Melaka,2017-01-01,45-49,1.0
Melaka,2017-01-01,tfr,1.9
Melaka,2018-01-01,15-19,5.49
Melaka,2018-01-01,20-24,36.45
Melaka,2018-01-01,25-29,99.21
Melaka,2018-01-01,30-34,130.22
Melaka,2018-01-01,35-39,77.99
Melaka,2018-01-01,40-44,20.17
Melaka,2018-01-01,45-49,1.26
Melaka,2018-01-01,tfr,1.85
Melaka,2019-01-01,15-19,6.11
Melaka,2019-01-01,20-24,36.3
Melaka,2019-01-01,25-29,95.15
Melaka,2019-01-01,30-34,123.06
Melaka,2019-01-01,35-39,75.01
Melaka,2019-01-01,40-44,18.67
Melaka,2019-01-01,45-49,1.31
Melaka,2019-01-01,tfr,1.78
Melaka,2020-01-01,15-19,4.99
Melaka,2020-01-01,20-24,37.33
Melaka,2020-01-01,25-29,90.61
Melaka,2020-01-01,30-34,115.25
Melaka,2020-01-01,35-39,77.01
Melaka,2020-01-01,40-44,19.91
Melaka,2020-01-01,45-49,0.76
Melaka,2020-01-01,tfr,1.73
Melaka,2021-01-01,15-19,2.76
Melaka,2021-01-01,20-24,32.8
Melaka,2021-01-01,25-29,106.63
Melaka,2021-01-01,30-34,103.51
Melaka,2021-01-01,35-39,73.13
Melaka,2021-01-01,40-44,13.84
Melaka,2021-01-01,45-49,0.67
Melaka,2021-01-01,tfr,1.67
Melaka,2022-01-01,15-19,3.0
Melaka,2022-01-01,20-24,35.0
Melaka,2022-01-01,25-29,109.0
Melaka,2022-01-01,30-34,98.0
Melaka,2022-01-01,35-39,70.0
Melaka,2022-01-01,40-44,16.0
Melaka,2022-01-01,45-49,1.0
Melaka,2022-01-01,tfr,1.66
Melaka,2023-01-01,15-19,4.0
Melaka,2023-01-01,20-24,32.0
Melaka,2023-01-01,25-29,110.0
Melaka,2023-01-01,30-34,96.0
Melaka,2023-01-01,35-39,73.0
Melaka,2023-01-01,40-44,18.0
Melaka,2023-01-01,45-49,1.0
Melaka,2023-01-01,tfr,1.67
Melaka,2024-01-01,15-19,5.0
Melaka,2024-01-01,20-24,25.0
Melaka,2024-01-01,25-29,98.0
Melaka,2024-01-01,30-34,86.0
Melaka,2024-01-01,35-39,68.0
Melaka,2024-01-01,40-44,17.0
Melaka,2024-01-01,45-49,1.0
Melaka,2024-01-01,tfr,1.5
Negeri Sembilan,2001-01-01,15-19,12.0
Negeri Sembilan,2001-01-01,20-24,90.0
Negeri Sembilan,2001-01-01,25-29,193.0
Negeri Sembilan,2001-01-01,30-34,151.0
Negeri Sembilan,2001-01-01,35-39,86.0
Negeri Sembilan,2001-01-01,40-44,26.0
Negeri Sembilan,2001-01-01,45-49,2.0
Negeri Sembilan,2001-01-01,tfr,2.8
Negeri Sembilan,2002-01-01,15-19,11.0
Negeri Sembilan,2002-01-01,20-24,84.0
Negeri Sembilan,2002-01-01,25-29,192.0
Negeri Sembilan,2002-01-01,30-34,154.0
Negeri Sembilan,2002-01-01,35-39,83.0
Negeri Sembilan,2002-01-01,40-44,25.0
Negeri Sembilan,2002-01-01,45-49,2.0
Negeri Sembilan,2002-01-01,tfr,2.76
Negeri Sembilan,2003-01-01,15-19,10.0
Negeri Sembilan,2003-01-01,20-24,81.0
Negeri Sembilan,2003-01-01,25-29,183.0
Negeri Sembilan,2003-01-01,30-34,151.0
Negeri Sembilan,2003-01-01,35-39,81.0
Negeri Sembilan,2003-01-01,40-44,23.0
Negeri Sembilan,2003-01-01,45-49,2.0
Negeri Sembilan,2003-01-01,tfr,2.65
Negeri Sembilan,2004-01-01,15-19,11.0
Negeri Sembilan,2004-01-01,20-24,74.0
Negeri Sembilan,2004-01-01,25-29,178.0
Negeri Sembilan,2004-01-01,30-34,151.0
Negeri Sembilan,2004-01-01,35-39,77.0
Negeri Sembilan,2004-01-01,40-44,23.0
Negeri Sembilan,2004-01-01,45-49,1.0
Negeri Sembilan,2004-01-01,tfr,2.58
Negeri Sembilan,2005-01-01,15-19,11.0
Negeri Sembilan,2005-01-01,20-24,73.0
Negeri Sembilan,2005-01-01,25-29,173.0
Negeri Sembilan,2005-01-01,30-34,146.0
Negeri Sembilan,2005-01-01,35-39,73.0
Negeri Sembilan,2005-01-01,40-44,21.0
Negeri Sembilan,2005-01-01,45-49,1.0
Negeri Sembilan,2005-01-01,tfr,2.49
Negeri Sembilan,2006-01-01,15-19,10.0
Negeri Sembilan,2006-01-01,20-24,68.0
Negeri Sembilan,2006-01-01,25-29,166.0
Negeri Sembilan,2006-01-01,30-34,142.0
Negeri Sembilan,2006-01-01,35-39,74.0
Negeri Sembilan,2006-01-01,40-44,20.0
Negeri Sembilan,2006-01-01,45-49,1.0
Negeri Sembilan,2006-01-01,tfr,2.41
Negeri Sembilan,2007-01-01,15-19,10.0
Negeri Sembilan,2007-01-01,20-24,67.0
Negeri Sembilan,2007-01-01,25-29,170.0
Negeri Sembilan,2007-01-01,30-34,148.0
Negeri Sembilan,2007-01-01,35-39,73.0
Negeri Sembilan,2007-01-01,40-44,18.0
Negeri Sembilan,2007-01-01,45-49,1.0
Negeri Sembilan,2007-01-01,tfr,2.44
Negeri Sembilan,2008-01-01,15-19,10.0
Negeri Sembilan,2008-01-01,20-24,67.0
Negeri Sembilan,2008-01-01,25-29,168.0
Negeri Sembilan,2008-01-01,30-34,146.0
Negeri Sembilan,2008-01-01,35-39,71.0
Negeri Sembilan,2008-01-01,40-44,20.0
Negeri Sembilan,2008-01-01,45-49,1.0
Negeri Sembilan,2008-01-01,tfr,2.42
Negeri Sembilan,2009-01-01,15-19,10.0
Negeri Sembilan,2009-01-01,20-24,60.0
Negeri Sembilan,2009-01-01,25-29,167.0
Negeri Sembilan,2009-01-01,30-34,149.0
Negeri Sembilan,2009-01-01,35-39,71.0
Negeri Sembilan,2009-01-01,40-44,18.0
Negeri Sembilan,2009-01-01,45-49,1.0
Negeri Sembilan,2009-01-01,tfr,2.38
Negeri Sembilan,2010-01-01,15-19,11.0
Negeri Sembilan,2010-01-01,20-24,56.0
Negeri Sembilan,2010-01-01,25-29,158.0
Negeri Sembilan,2010-01-01,30-34,141.0
Negeri Sembilan,2010-01-01,35-39,69.0
Negeri Sembilan,2010-01-01,40-44,17.0
Negeri Sembilan,2010-01-01,45-49,1.0
Negeri Sembilan,2010-01-01,tfr,2.27
Negeri Sembilan,2011-01-01,15-19,10.0
Negeri Sembilan,2011-01-01,20-24,52.0
Negeri Sembilan,2011-01-01,25-29,158.0
Negeri Sembilan,2011-01-01,30-34,151.0
Negeri Sembilan,2011-01-01,35-39,71.0
Negeri Sembilan,2011-01-01,40-44,16.0
Negeri Sembilan,2011-01-01,45-49,1.0
Negeri Sembilan,2011-01-01,tfr,2.3
Negeri Sembilan,2012-01-01,15-19,10.0
Negeri Sembilan,2012-01-01,20-24,49.0
Negeri Sembilan,2012-01-01,25-29,151.0
Negeri Sembilan,2012-01-01,30-34,155.0
Negeri Sembilan,2012-01-01,35-39,75.0
Negeri Sembilan,2012-01-01,40-44,18.0
Negeri Sembilan,2012-01-01,45-49,1.0
Negeri Sembilan,2012-01-01,tfr,2.29
Negeri Sembilan,2013-01-01,15-19,10.0
Negeri Sembilan,2013-01-01,20-24,45.0
Negeri Sembilan,2013-01-01,25-29,146.0
Negeri Sembilan,2013-01-01,30-34,148.0
Negeri Sembilan,2013-01-01,35-39,73.0
Negeri Sembilan,2013-01-01,40-44,17.0
Negeri Sembilan,2013-01-01,45-49,1.0
Negeri Sembilan,2013-01-01,tfr,2.2
Negeri Sembilan,2014-01-01,15-19,9.0
Negeri Sembilan,2014-01-01,20-24,46.0
Negeri Sembilan,2014-01-01,25-29,145.0
Negeri Sembilan,2014-01-01,30-34,162.0
Negeri Sembilan,2014-01-01,35-39,80.0
Negeri Sembilan,2014-01-01,40-44,19.0
Negeri Sembilan,2014-01-01,45-49,1.0
Negeri Sembilan,2014-01-01,tfr,2.31
Negeri Sembilan,2015-01-01,15-19,9.0
Negeri Sembilan,2015-01-01,20-24,43.0
Negeri Sembilan,2015-01-01,25-29,140.0
Negeri Sembilan,2015-01-01,30-34,158.0
Negeri Sembilan,2015-01-01,35-39,82.0
Negeri Sembilan,2015-01-01,40-44,18.0
Negeri Sembilan,2015-01-01,45-49,1.0
Negeri Sembilan,2015-01-01,tfr,2.25
Negeri Sembilan,2016-01-01,15-19,7.0
Negeri Sembilan,2016-01-01,20-24,42.0
Negeri Sembilan,2016-01-01,25-29,130.0
Negeri Sembilan,2016-01-01,30-34,152.0
Negeri Sembilan,2016-01-01,35-39,84.0
Negeri Sembilan,2016-01-01,40-44,19.0
Negeri Sembilan,2016-01-01,45-49,1.0
Negeri Sembilan,2016-01-01,tfr,2.17
Negeri Sembilan,2017-01-01,15-19,7.0
Negeri Sembilan,2017-01-01,20-24,42.0
Negeri Sembilan,2017-01-01,25-29,126.0
Negeri Sembilan,2017-01-01,30-34,146.0
Negeri Sembilan,2017-01-01,35-39,83.0
Negeri Sembilan,2017-01-01,40-44,21.0
Negeri Sembilan,2017-01-01,45-49,1.0
Negeri Sembilan,2017-01-01,tfr,2.13
Negeri Sembilan,2018-01-01,15-19,6.8
Negeri Sembilan,2018-01-01,20-24,39.99
Negeri Sembilan,2018-01-01,25-29,120.2
Negeri Sembilan,2018-01-01,30-34,144.06
Negeri Sembilan,2018-01-01,35-39,90.21
Negeri Sembilan,2018-01-01,40-44,20.75
Negeri Sembilan,2018-01-01,45-49,1.34
Negeri Sembilan,2018-01-01,tfr,2.12
Negeri Sembilan,2019-01-01,15-19,6.35
Negeri Sembilan,2019-01-01,20-24,37.11
Negeri Sembilan,2019-01-01,25-29,113.98
Negeri Sembilan,2019-01-01,30-34,134.17
Negeri Sembilan,2019-01-01,35-39,87.74
Negeri Sembilan,2019-01-01,40-44,20.39
Negeri Sembilan,2019-01-01,45-49,1.14
Negeri Sembilan,2019-01-01,tfr,2.0
Negeri Sembilan,2020-01-01,15-19,5.92
Negeri Sembilan,2020-01-01,20-24,35.52
Negeri Sembilan,2020-01-01,25-29,106.14
Negeri Sembilan,2020-01-01,30-34,133.22
Negeri Sembilan,2020-01-01,35-39,87.53
Negeri Sembilan,2020-01-01,40-44,22.38
Negeri Sembilan,2020-01-01,45-49,1.2
Negeri Sembilan,2020-01-01,tfr,1.96
Negeri Sembilan,2021-01-01,15-19,4.89
Negeri Sembilan,2021-01-01,20-24,32.36
Negeri Sembilan,2021-01-01,25-29,119.3
Negeri Sembilan,2021-01-01,30-34,114.28
Negeri Sembilan,2021-01-01,35-39,68.28
Negeri Sembilan,2021-01-01,40-44,19.23
Negeri Sembilan,2021-01-01,45-49,0.97
Negeri Sembilan,2021-01-01,tfr,1.8
Negeri Sembilan,2022-01-01,15-19,5.0
Negeri Sembilan,2022-01-01,20-24,32.0
Negeri Sembilan,2022-01-01,25-29,118.0
Negeri Sembilan,2022-01-01,30-34,104.0
Negeri Sembilan,2022-01-01,35-39,65.0
Negeri Sembilan,2022-01-01,40-44,19.0
Negeri Sembilan,2022-01-01,45-49,1.0
Negeri Sembilan,2022-01-01,tfr,1.72
Negeri Sembilan,2023-01-01,15-19,5.0
Negeri Sembilan,2023-01-01,20-24,32.0
Negeri Sembilan,2023-01-01,25-29,117.0
Negeri Sembilan,2023-01-01,30-34,113.0
Negeri Sembilan,2023-01-01,35-39,66.0
Negeri Sembilan,2023-01-01,40-44,19.0
Negeri Sembilan,2023-01-01,45-49,1.0
Negeri Sembilan,2023-01-01,tfr,1.76
Negeri Sembilan,2024-01-01,15-19,5.0
Negeri Sembilan,2024-01-01,20-24,26.0
Negeri Sembilan,2024-01-01,25-29,96.0
Negeri Sembilan,2024-01-01,30-34,103.0
Negeri Sembilan,2024-01-01,35-39,59.0
Negeri Sembilan,2024-01-01,40-44,16.0
Negeri Sembilan,2024-01-01,45-49,1.0
Negeri Sembilan,2024-01-01,tfr,1.5
Pahang,2001-01-01,15-19,15.0
Pahang,2001-01-01,20-24,110.0
Pahang,2001-01-01,25-29,210.0
Pahang,2001-01-01,30-34,155.0
Pahang,2001-01-01,35-39,98.0
Pahang,2001-01-01,40-44,36.0
Pahang,2001-01-01,45-49,4.0
Pahang,2001-01-01,tfr,3.14
Pahang,2002-01-01,15-19,15.0
Pahang,2002-01-01,20-24,97.0
Pahang,2002-01-01,25-29,199.0
Pahang,2002-01-01,30-34,158.0
Pahang,2002-01-01,35-39,93.0
Pahang,2002-01-01,40-44,35.0
Pahang,2002-01-01,45-49,4.0
Pahang,2002-01-01,tfr,3.0
Pahang,2003-01-01,15-19,14.0
Pahang,2003-01-01,20-24,87.0
Pahang,2003-01-01,25-29,192.0
Pahang,2003-01-01,30-34,156.0
Pahang,2003-01-01,35-39,90.0
Pahang,2003-01-01,40-44,32.0
Pahang,2003-01-01,45-49,4.0
Pahang,2003-01-01,tfr,2.88
Pahang,2004-01-01,15-19,16.0
Pahang,2004-01-01,20-24,81.0
Pahang,2004-01-01,25-29,182.0
Pahang,2004-01-01,30-34,156.0
Pahang,2004-01-01,35-39,89.0
Pahang,2004-01-01,40-44,30.0
Pahang,2004-01-01,45-49,3.0
Pahang,2004-01-01,tfr,2.8
Pahang,2005-01-01,15-19,15.0
Pahang,2005-01-01,20-24,78.0
Pahang,2005-01-01,25-29,175.0
Pahang,2005-01-01,30-34,152.0
Pahang,2005-01-01,35-39,91.0
Pahang,2005-01-01,40-44,29.0
Pahang,2005-01-01,45-49,3.0
Pahang,2005-01-01,tfr,2.72
Pahang,2006-01-01,15-19,16.0
Pahang,2006-01-01,20-24,74.0
Pahang,2006-01-01,25-29,162.0
Pahang,2006-01-01,30-34,146.0
Pahang,2006-01-01,35-39,83.0
Pahang,2006-01-01,40-44,28.0
Pahang,2006-01-01,45-49,3.0
Pahang,2006-01-01,tfr,2.56
Pahang,2007-01-01,15-19,16.0
Pahang,2007-01-01,20-24,74.0
Pahang,2007-01-01,25-29,157.0
Pahang,2007-01-01,30-34,143.0
Pahang,2007-01-01,35-39,86.0
Pahang,2007-01-01,40-44,26.0
Pahang,2007-01-01,45-49,2.0
Pahang,2007-01-01,tfr,2.52
Pahang,2008-01-01,15-19,16.0
Pahang,2008-01-01,20-24,81.0
Pahang,2008-01-01,25-29,147.0
Pahang,2008-01-01,30-34,151.0
Pahang,2008-01-01,35-39,83.0
Pahang,2008-01-01,40-44,27.0
Pahang,2008-01-01,45-49,2.0
Pahang,2008-01-01,tfr,2.53
Pahang,2009-01-01,15-19,16.0
Pahang,2009-01-01,20-24,84.0
Pahang,2009-01-01,25-29,148.0
Pahang,2009-01-01,30-34,146.0
Pahang,2009-01-01,35-39,81.0
Pahang,2009-01-01,40-44,25.0
Pahang,2009-01-01,45-49,2.0
Pahang,2009-01-01,tfr,2.51
Pahang,2010-01-01,15-19,15.0
Pahang,2010-01-01,20-24,79.0
Pahang,2010-01-01,25-29,147.0
Pahang,2010-01-01,30-34,145.0
Pahang,2010-01-01,35-39,79.0
Pahang,2010-01-01,40-44,26.0
Pahang,2010-01-01,45-49,3.0
Pahang,2010-01-01,tfr,2.47
Pahang,2011-01-01,15-19,18.0
Pahang,2011-01-01,20-24,78.0
Pahang,2011-01-01,25-29,148.0
Pahang,2011-01-01,30-34,147.0
Pahang,2011-01-01,35-39,82.0
Pahang,2011-01-01,40-44,25.0
Pahang,2011-01-01,45-49,2.0
Pahang,2011-01-01,tfr,2.5
Pahang,2012-01-01,15-19,17.0
Pahang,2012-01-01,20-24,73.0
Pahang,2012-01-01,25-29,155.0
Pahang,2012-01-01,30-34,140.0
Pahang,2012-01-01,35-39,83.0
Pahang,2012-01-01,40-44,25.0
Pahang,2012-01-01,45-49,2.0
Pahang,2012-01-01,tfr,2.48
Pahang,2013-01-01,15-19,16.0
Pahang,2013-01-01,20-24,63.0
Pahang,2013-01-01,25-29,155.0
Pahang,2013-01-01,30-34,133.0
Pahang,2013-01-01,35-39,85.0
Pahang,2013-01-01,40-44,23.0
Pahang,2013-01-01,45-49,2.0
Pahang,2013-01-01,tfr,2.38
Pahang,2014-01-01,15-19,15.0
Pahang,2014-01-01,20-24,63.0
Pahang,2014-01-01,25-29,167.0
Pahang,2014-01-01,30-34,135.0
Pahang,2014-01-01,35-39,91.0
Pahang,2014-01-01,40-44,24.0
Pahang,2014-01-01,45-49,2.0
Pahang,2014-01-01,tfr,2.49
Pahang,2015-01-01,15-19,15.0
Pahang,2015-01-01,20-24,59.0
Pahang,2015-01-01,25-29,156.0
Pahang,2015-01-01,30-34,131.0
Pahang,2015-01-01,35-39,90.0
Pahang,2015-01-01,40-44,26.0
Pahang,2015-01-01,45-49,2.0
Pahang,2015-01-01,tfr,2.39
Pahang,2016-01-01,15-19,13.0
Pahang,2016-01-01,20-24,57.0
Pahang,2016-01-01,25-29,146.0
Pahang,2016-01-01,30-34,133.0
Pahang,2016-01-01,35-39,85.0
Pahang,2016-01-01,40-44,23.0
Pahang,2016-01-01,45-49,2.0
Pahang,2016-01-01,tfr,2.29
Pahang,2017-01-01,15-19,12.0
Pahang,2017-01-01,20-24,55.0
Pahang,2017-01-01,25-29,136.0
Pahang,2017-01-01,30-34,134.0
Pahang,2017-01-01,35-39,83.0
Pahang,2017-01-01,40-44,26.0
Pahang,2017-01-01,45-49,1.0
Pahang,2017-01-01,tfr,2.24
Pahang,2018-01-01,15-19,11.78
Pahang,2018-01-01,20-24,51.67
Pahang,2018-01-01,25-29,120.46
Pahang,2018-01-01,30-34,135.61
Pahang,2018-01-01,35-39,80.27
Pahang,2018-01-01,40-44,27.49
Pahang,2018-01-01,45-49,1.87
Pahang,2018-01-01,tfr,2.15
Pahang,2019-01-01,15-19,11.08
Pahang,2019-01-01,20-24,46.59
Pahang,2019-01-01,25-29,111.78
Pahang,2019-01-01,30-34,126.29
Pahang,2019-01-01,35-39,77.13
Pahang,2019-01-01,40-44,27.84
Pahang,2019-01-01,45-49,1.74
Pahang,2019-01-01,tfr,2.01
Pahang,2020-01-01,15-19,11.18
Pahang,2020-01-01,20-24,46.62
Pahang,2020-01-01,25-29,105.93
Pahang,2020-01-01,30-34,120.88
Pahang,2020-01-01,35-39,74.71
Pahang,2020-01-01,40-44,25.89
Pahang,2020-01-01,45-49,1.85
Pahang,2020-01-01,tfr,1.94
Pahang,2021-01-01,15-19,8.54
Pahang,2021-01-01,20-24,55.01
Pahang,2021-01-01,25-29,150.61
Pahang,2021-01-01,30-34,127.83
Pahang,2021-01-01,35-39,72.69
Pahang,2021-01-01,40-44,19.74
Pahang,2021-01-01,45-49,1.54
Pahang,2021-01-01,tfr,2.18
Pahang,2022-01-01,15-19,8.0
Pahang,2022-01-01,20-24,55.0
Pahang,2022-01-01,25-29,146.0
Pahang,2022-01-01,30-34,122.0
Pahang,2022-01-01,35-39,69.0
Pahang,2022-01-01,40-44,18.0
Pahang,2022-01-01,45-49,2.0
Pahang,2022-01-01,tfr,2.1
Pahang,2023-01-01,15-19,9.0
Pahang,2023-01-01,20-24,50.0
Pahang,2023-01-01,25-29,145.0
Pahang,2023-01-01,30-34,131.0
Pahang,2023-01-01,35-39,72.0
Pahang,2023-01-01,40-44,20.0
Pahang,2023-01-01,45-49,1.0
Pahang,2023-01-01,tfr,2.14
Pahang,2024-01-01,15-19,8.0
Pahang,2024-01-01,20-24,41.0
Pahang,2024-01-01,25-29,121.0
Pahang,2024-01-01,30-34,116.0
Pahang,2024-01-01,35-39,68.0
Pahang,2024-01-01,40-44,18.0
Pahang,2024-01-01,45-49,2.0
Pahang,2024-01-01,tfr,1.9
Perak,2001-01-01,15-19,12.0
Perak,2001-01-01,20-24,106.0
Perak,2001-01-01,25-29,219.0
Perak,2001-01-01,30-34,165.0
Perak,2001-01-01,35-39,92.0
Perak,2001-01-01,40-44,28.0
Perak,2001-01-01,45-49,3.0
Perak,2001-01-01,tfr,3.13
Perak,2002-01-01,15-19,12.0
Perak,2002-01-01,20-24,95.0
Perak,2002-01-01,25-29,213.0
Perak,2002-01-01,30-34,163.0
Perak,2002-01-01,35-39,87.0
Perak,2002-01-01,40-44,26.0
Perak,2002-01-01,45-49,2.0
Perak,2002-01-01,tfr,3.0
Perak,2003-01-01,15-19,11.0
Perak,2003-01-01,20-24,85.0
Perak,2003-01-01,25-29,197.0
Perak,2003-01-01,30-34,156.0
Perak,2003-01-01,35-39,83.0
Perak,2003-01-01,40-44,24.0
Perak,2003-01-01,45-49,2.0
Perak,2003-01-01,tfr,2.79
Perak,2004-01-01,15-19,11.0
Perak,2004-01-01,20-24,81.0
Perak,2004-01-01,25-29,186.0
Perak,2004-01-01,30-34,158.0
Perak,2004-01-01,35-39,80.0
Perak,2004-01-01,40-44,24.0
Perak,2004-01-01,45-49,2.0
Perak,2004-01-01,tfr,2.7
Perak,2005-01-01,15-19,10.0
Perak,2005-01-01,20-24,74.0
Perak,2005-01-01,25-29,176.0
Perak,2005-01-01,30-34,151.0
Perak,2005-01-01,35-39,76.0
Perak,2005-01-01,40-44,22.0
Perak,2005-01-01,45-49,2.0
Perak,2005-01-01,tfr,2.56
Perak,2006-01-01,15-19,10.0
Perak,2006-01-01,20-24,73.0
Perak,2006-01-01,25-29,170.0
Perak,2006-01-01,30-34,149.0
Perak,2006-01-01,35-39,74.0
Perak,2006-01-01,40-44,20.0
Perak,2006-01-01,45-49,2.0
Perak,2006-01-01,tfr,2.49
Perak,2007-01-01,15-19,9.0
Perak,2007-01-01,20-24,72.0
Perak,2007-01-01,25-29,170.0
Perak,2007-01-01,30-34,146.0
Perak,2007-01-01,35-39,71.0
Perak,2007-01-01,40-44,19.0
Perak,2007-01-01,45-49,2.0
Perak,2007-01-01,tfr,2.44
Perak,2008-01-01,15-19,10.0
Perak,2008-01-01,20-24,69.0
Perak,2008-01-01,25-29,172.0
Perak,2008-01-01,30-34,147.0
Perak,2008-01-01,35-39,73.0
Perak,2008-01-01,40-44,19.0
Perak,2008-01-01,45-49,1.0
Perak,2008-01-01,tfr,2.45
Perak,2009-01-01,15-19,10.0
Perak,2009-01-01,20-24,66.0
Perak,2009-01-01,25-29,176.0
Perak,2009-01-01,30-34,144.0
Perak,2009-01-01,35-39,72.0
Perak,2009-01-01,40-44,18.0
Perak,2009-01-01,45-49,1.0
Perak,2009-01-01,tfr,2.44
Perak,2010-01-01,15-19,9.0
Perak,2010-01-01,20-24,60.0
Perak,2010-01-01,25-29,175.0
Perak,2010-01-01,30-34,137.0
Perak,2010-01-01,35-39,70.0
Perak,2010-01-01,40-44,17.0
Perak,2010-01-01,45-49,1.0
Perak,2010-01-01,tfr,2.34
Perak,2011-01-01,15-19,9.0
Perak,2011-01-01,20-24,56.0
Perak,2011-01-01,25-29,171.0
Perak,2011-01-01,30-34,150.0
Perak,2011-01-01,35-39,75.0
Perak,2011-01-01,40-44,17.0
Perak,2011-01-01,45-49,1.0
Perak,2011-01-01,tfr,2.39
Perak,2012-01-01,15-19,9.0
Perak,2012-01-01,20-24,51.0
Perak,2012-01-01,25-29,163.0
Perak,2012-01-01,30-34,157.0
Perak,2012-01-01,35-39,70.0
Perak,2012-01-01,40-44,18.0
Perak,2012-01-01,45-49,1.0
Perak,2012-01-01,tfr,2.35
Perak,2013-01-01,15-19,8.0
Perak,2013-01-01,20-24,45.0
Perak,2013-01-01,25-29,144.0
Perak,2013-01-01,30-34,148.0
Perak,2013-01-01,35-39,69.0
Perak,2013-01-01,40-44,17.0
Perak,2013-01-01,45-49,1.0
Perak,2013-01-01,tfr,2.16
Perak,2014-01-01,15-19,8.0
Perak,2014-01-01,20-24,43.0
Perak,2014-01-01,25-29,143.0
Perak,2014-01-01,30-34,153.0
Perak,2014-01-01,35-39,72.0
Perak,2014-01-01,40-44,17.0
Perak,2014-01-01,45-49,1.0
Perak,2014-01-01,tfr,2.19
Perak,2015-01-01,15-19,8.0
Perak,2015-01-01,20-24,42.0
Perak,2015-01-01,25-29,133.0
Perak,2015-01-01,30-34,150.0
Perak,2015-01-01,35-39,75.0
Perak,2015-01-01,40-44,18.0
Perak,2015-01-01,45-49,1.0
Perak,2015-01-01,tfr,2.13
Perak,2016-01-01,15-19,7.0
Perak,2016-01-01,20-24,40.0
Perak,2016-01-01,25-29,124.0
Perak,2016-01-01,30-34,144.0
Perak,2016-01-01,35-39,76.0
Perak,2016-01-01,40-44,17.0
Perak,2016-01-01,45-49,1.0
Perak,2016-01-01,tfr,2.04
Perak,2017-01-01,15-19,6.0
Perak,2017-01-01,20-24,38.0
Perak,2017-01-01,25-29,115.0
Perak,2017-01-01,30-34,136.0
Perak,2017-01-01,35-39,76.0
Perak,2017-01-01,40-44,17.0
Perak,2017-01-01,45-49,1.0
Perak,2017-01-01,tfr,1.95
Perak,2018-01-01,15-19,6.16
Perak,2018-01-01,20-24,34.49
Perak,2018-01-01,25-29,101.75
Perak,2018-01-01,30-34,131.64
Perak,2018-01-01,35-39,77.9
Perak,2018-01-01,40-44,17.96
Perak,2018-01-01,45-49,1.01
Perak,2018-01-01,tfr,1.85
Perak,2019-01-01,15-19,5.72
Perak,2019-01-01,20-24,33.18
Perak,2019-01-01,25-29,93.95
Perak,2019-01-01,30-34,120.09
Perak,2019-01-01,35-39,79.08
Perak,2019-01-01,40-44,19.14
Perak,2019-01-01,45-49,1.41
Perak,2019-01-01,tfr,1.76
Perak,2020-01-01,15-19,4.94
Perak,2020-01-01,20-24,31.0
Perak,2020-01-01,25-29,85.8
Perak,2020-01-01,30-34,112.52
Perak,2020-01-01,35-39,76.9
Perak,2020-01-01,40-44,19.57
Perak,2020-01-01,45-49,1.17
Perak,2020-01-01,tfr,1.66
Perak,2021-01-01,15-19,4.47
Perak,2021-01-01,20-24,34.8
Perak,2021-01-01,25-29,119.89
Perak,2021-01-01,30-34,120.31
Perak,2021-01-01,35-39,64.45
Perak,2021-01-01,40-44,16.8
Perak,2021-01-01,45-49,1.0
Perak,2021-01-01,tfr,1.81
Perak,2022-01-01,15-19,4.0
Perak,2022-01-01,20-24,34.0
Perak,2022-01-01,25-29,115.0
Perak,2022-01-01,30-34,113.0
Perak,2022-01-01,35-39,61.0
Perak,2022-01-01,40-44,15.0
Perak,2022-01-01,45-49,1.0
Perak,2022-01-01,tfr,1.72
Perak,2023-01-01,15-19,5.0
Perak,2023-01-01,20-24,33.0
Perak,2023-01-01,25-29,110.0
Perak,2023-01-01,30-34,122.0
Perak,2023-01-01,35-39,66.0
Perak,2023-01-01,40-44,16.0
Perak,2023-01-01,45-49,1.0
Perak,2023-01-01,tfr,1.76
Perak,2024-01-01,15-19,5.0
Perak,2024-01-01,20-24,28.0
Perak,2024-01-01,25-29,90.0
Perak,2024-01-01,30-34,108.0
Perak,2024-01-01,35-39,61.0
Perak,2024-01-01,40-44,16.0
Perak,2024-01-01,45-49,1.0
Perak,2024-01-01,tfr,1.5
Perlis,2001-01-01,15-19,13.0
Perlis,2001-01-01,20-24,111.0
Perlis,2001-01-01,25-29,212.0
Perlis,2001-01-01,30-34,156.0
Perlis,2001-01-01,35-39,106.0
Perlis,2001-01-01,40-44,37.0
Perlis,2001-01-01,45-49,3.0
Perlis,2001-01-01,tfr,3.2
Perlis,2002-01-01,15-19,13.0
Perlis,2002-01-01,20-24,95.0
Perlis,2002-01-01,25-29,208.0
Perlis,2002-01-01,30-34,166.0
Perlis,2002-01-01,35-39,99.0
Perlis,2002-01-01,40-44,34.0
Perlis,2002-01-01,45-49,2.0
Perlis,2002-01-01,tfr,3.08
Perlis,2003-01-01,15-19,13.0
Perlis,2003-01-01,20-24,90.0
Perlis,2003-01-01,25-29,198.0
Perlis,2003-01-01,30-34,150.0
Perlis,2003-01-01,35-39,96.0
Perlis,2003-01-01,40-44,34.0
Perlis,2003-01-01,45-49,3.0
Perlis,2003-01-01,tfr,2.92
Perlis,2004-01-01,15-19,11.0
Perlis,2004-01-01,20-24,84.0
Perlis,2004-01-01,25-29,190.0
Perlis,2004-01-01,30-34,154.0
Perlis,2004-01-01,35-39,88.0
Perlis,2004-01-01,40-44,32.0
Perlis,2004-01-01,45-49,2.0
Perlis,2004-01-01,tfr,2.81
Perlis,2005-01-01,15-19,11.0
Perlis,2005-01-01,20-24,84.0
Perlis,2005-01-01,25-29,182.0
Perlis,2005-01-01,30-34,151.0
Perlis,2005-01-01,35-39,88.0
Perlis,2005-01-01,40-44,29.0
Perlis,2005-01-01,45-49,2.0
Perlis,2005-01-01,tfr,2.74
Perlis,2006-01-01,15-19,11.0
Perlis,2006-01-01,20-24,77.0
Perlis,2006-01-01,25-29,177.0
Perlis,2006-01-01,30-34,158.0
Perlis,2006-01-01,35-39,81.0
Perlis,2006-01-01,40-44,25.0
Perlis,2006-01-01,45-49,3.0
Perlis,2006-01-01,tfr,2.67
Perlis,2007-01-01,15-19,11.0
Perlis,2007-01-01,20-24,83.0
Perlis,2007-01-01,25-29,174.0
Perlis,2007-01-01,30-34,150.0
Perlis,2007-01-01,35-39,86.0
Perlis,2007-01-01,40-44,23.0
Perlis,2007-01-01,45-49,2.0
Perlis,2007-01-01,tfr,2.64
Perlis,2008-01-01,15-19,10.0
Perlis,2008-01-01,20-24,85.0
Perlis,2008-01-01,25-29,185.0
Perlis,2008-01-01,30-34,157.0
Perlis,2008-01-01,35-39,82.0
Perlis,2008-01-01,40-44,27.0
Perlis,2008-01-01,45-49,2.0
Perlis,2008-01-01,tfr,2.74
Perlis,2009-01-01,15-19,10.0
Perlis,2009-01-01,20-24,84.0
Perlis,2009-01-01,25-29,182.0
Perlis,2009-01-01,30-34,162.0
Perlis,2009-01-01,35-39,83.0
Perlis,2009-01-01,40-44,25.0
Perlis,2009-01-01,45-49,1.0
Perlis,2009-01-01,tfr,2.73
Perlis,2010-01-01,15-19,9.0
Perlis,2010-01-01,20-24,73.0
Perlis,2010-01-01,25-29,185.0
Perlis,2010-01-01,30-34,154.0
Perlis,2010-01-01,35-39,78.0
Perlis,2010-01-01,40-44,19.0
Perlis,2010-01-01,45-49,2.0
Perlis,2010-01-01,tfr,2.6
Perlis,2011-01-01,15-19,9.0
Perlis,2011-01-01,20-24,67.0
Perlis,2011-01-01,25-29,175.0
Perlis,2011-01-01,30-34,161.0
Perlis,2011-01-01,35-39,77.0
Perlis,2011-01-01,40-44,21.0
Perlis,2011-01-01,45-49,1.0
Perlis,2011-01-01,tfr,2.56
Perlis,2012-01-01,15-19,11.0
Perlis,2012-01-01,20-24,59.0
Perlis,2012-01-01,25-29,176.0
Perlis,2012-01-01,30-34,152.0
Perlis,2012-01-01,35-39,80.0
Perlis,2012-01-01,40-44,18.0
Perlis,2012-01-01,45-49,2.0
Perlis,2012-01-01,tfr,2.48
Perlis,2013-01-01,15-19,10.0
Perlis,2013-01-01,20-24,53.0
Perlis,2013-01-01,25-29,170.0
Perlis,2013-01-01,30-34,144.0
Perlis,2013-01-01,35-39,74.0
Perlis,2013-01-01,40-44,18.0
Perlis,2013-01-01,45-49,1.0
Perlis,2013-01-01,tfr,2.35
Perlis,2014-01-01,15-19,11.0
Perlis,2014-01-01,20-24,50.0
Perlis,2014-01-01,25-29,180.0
Perlis,2014-01-01,30-34,154.0
Perlis,2014-01-01,35-39,93.0
Perlis,2014-01-01,40-44,19.0
Perlis,2014-01-01,45-49,1.0
Perlis,2014-01-01,tfr,2.54
Perlis,2015-01-01,15-19,12.0
Perlis,2015-01-01,20-24,43.0
Perlis,2015-01-01,25-29,159.0
Perlis,2015-01-01,30-34,144.0
Perlis,2015-01-01,35-39,88.0
Perlis,2015-01-01,40-44,21.0
Perlis,2015-01-01,45-49,2.0
Perlis,2015-01-01,tfr,2.35
Perlis,2016-01-01,15-19,12.0
Perlis,2016-01-01,20-24,44.0
Perlis,2016-01-01,25-29,152.0
Perlis,2016-01-01,30-34,146.0
Perlis,2016-01-01,35-39,82.0
Perlis,2016-01-01,40-44,20.0
Perlis,2016-01-01,45-49,1.0
Perlis,2016-01-01,tfr,2.28
Perlis,2017-01-01,15-19,10.0
Perlis,2017-01-01,20-24,46.0
Perlis,2017-01-01,25-29,130.0
Perlis,2017-01-01,30-34,146.0
Perlis,2017-01-01,35-39,95.0
Perlis,2017-01-01,40-44,22.0
Perlis,2017-01-01,45-49,1.0
Perlis,2017-01-01,tfr,2.26
Perlis,2018-01-01,15-19,9.58
Perlis,2018-01-01,20-24,49.02
Perlis,2018-01-01,25-29,110.07
Perlis,2018-01-01,30-34,142.01
Perlis,2018-01-01,35-39,95.84
Perlis,2018-01-01,40-44,25.46
Perlis,2018-01-01,45-49,2.08
Perlis,2018-01-01,tfr,2.17
Perlis,2019-01-01,15-19,8.94
Perlis,2019-01-01,20-24,49.83
Perlis,2019-01-01,25-29,93.32
Perlis,2019-01-01,30-34,131.76
Perlis,2019-01-01,35-39,85.96
Perlis,2019-01-01,40-44,24.03
Perlis,2019-01-01,45-49,1.17
Perlis,2019-01-01,tfr,1.98
Perlis,2020-01-01,15-19,8.05
Perlis,2020-01-01,20-24,54.83
Perlis,2020-01-01,25-29,93.57
Perlis,2020-01-01,30-34,127.47
Perlis,2020-01-01,35-39,83.6
Perlis,2020-01-01,40-44,23.14
Perlis,2020-01-01,45-49,2.23
Perlis,2020-01-01,tfr,1.96
Perlis,2021-01-01,15-19,5.0
Perlis,2021-01-01,20-24,32.07
Perlis,2021-01-01,25-29,120.28
Perlis,2021-01-01,30-34,141.06
Perlis,2021-01-01,35-39,70.92
Perlis,2021-01-01,40-44,13.03
Perlis,2021-01-01,45-49,1.24
Perlis,2021-01-01,tfr,1.92
Perlis,2022-01-01,15-19,5.0
Perlis,2022-01-01,20-24,32.0
Perlis,2022-01-01,25-29,102.0
Perlis,2022-01-01,30-34,121.0
Perlis,2022-01-01,35-39,62.0
Perlis,2022-01-01,40-44,13.0
Perlis,2022-01-01,45-49,0.0
Perlis,2022-01-01,tfr,1.68
Perlis,2023-01-01,15-19,6.0
Perlis,2023-01-01,20-24,31.0
Perlis,2023-01-01,25-29,92.0
Perlis,2023-01-01,30-34,121.0
Perlis,2023-01-01,35-39,71.0
Perlis,2023-01-01,40-44,16.0
Perlis,2023-01-01,45-49,1.0
Perlis,2023-01-01,tfr,1.68
Perlis,2024-01-01,15-19,7.0
Perlis,2024-01-01,20-24,28.0
Perlis,2024-01-01,25-29,76.0
Perlis,2024-01-01,30-34,104.0
Perlis,2024-01-01,35-39,61.0
Perlis,2024-01-01,40-44,17.0
Perlis,2024-01-01,45-49,1.0
Perlis,2024-01-01,tfr,1.5
Pulau Pinang,2001-01-01,15-19,8.0
Pulau Pinang,2001-01-01,20-24,62.0
Pulau Pinang,2001-01-01,25-29,129.0
Pulau Pinang,2001-01-01,30-34,123.0
Pulau Pinang,2001-01-01,35-39,72.0
Pulau Pinang,2001-01-01,40-44,17.0
Pulau Pinang,2001-01-01,45-49,1.0
Pulau Pinang,2001-01-01,tfr,2.06
Pulau Pinang,2002-01-01,15-19,8.0
Pulau Pinang,2002-01-01,20-24,59.0
Pulau Pinang,2002-01-01,25-29,129.0
Pulau Pinang,2002-01-01,30-34,126.0
Pulau Pinang,2002-01-01,35-39,68.0
Pulau Pinang,2002-01-01,40-44,17.0
Pulau Pinang,2002-01-01,45-49,1.0
Pulau Pinang,2002-01-01,tfr,2.04
Pulau Pinang,2003-01-01,15-19,7.0
Pulau Pinang,2003-01-01,20-24,56.0
Pulau Pinang,2003-01-01,25-29,120.0
Pulau Pinang,2003-01-01,30-34,118.0
Pulau Pinang,2003-01-01,35-39,65.0
Pulau Pinang,2003-01-01,40-44,15.0
Pulau Pinang,2003-01-01,45-49,1.0
Pulau Pinang,2003-01-01,tfr,1.92
Pulau Pinang,2004-01-01,15-19,7.0
Pulau Pinang,2004-01-01,20-24,53.0
Pulau Pinang,2004-01-01,25-29,118.0
Pulau Pinang,2004-01-01,30-34,112.0
Pulau Pinang,2004-01-01,35-39,65.0
Pulau Pinang,2004-01-01,40-44,16.0
Pulau Pinang,2004-01-01,45-49,1.0
Pulau Pinang,2004-01-01,tfr,1.86
Pulau Pinang,2005-01-01,15-19,6.0
Pulau Pinang,2005-01-01,20-24,50.0
Pulau Pinang,2005-01-01,25-29,118.0
Pulau Pinang,2005-01-01,30-34,111.0
Pulau Pinang,2005-01-01,35-39,60.0
Pulau Pinang,2005-01-01,40-44,15.0
Pulau Pinang,2005-01-01,45-49,1.0
Pulau Pinang,2005-01-01,tfr,1.8
Pulau Pinang,2006-01-01,15-19,6.0
Pulau Pinang,2006-01-01,20-24,47.0
Pulau Pinang,2006-01-01,25-29,112.0
Pulau Pinang,2006-01-01,30-34,110.0
Pulau Pinang,2006-01-01,35-39,58.0
Pulau Pinang,2006-01-01,40-44,15.0
Pulau Pinang,2006-01-01,45-49,1.0
Pulau Pinang,2006-01-01,tfr,1.74
Pulau Pinang,2007-01-01,15-19,6.0
Pulau Pinang,2007-01-01,20-24,44.0
Pulau Pinang,2007-01-01,25-29,113.0
Pulau Pinang,2007-01-01,30-34,112.0
Pulau Pinang,2007-01-01,35-39,59.0
Pulau Pinang,2007-01-01,40-44,14.0
Pulau Pinang,2007-01-01,45-49,1.0
Pulau Pinang,2007-01-01,tfr,1.75
Pulau Pinang,2008-01-01,15-19,6.0
Pulau Pinang,2008-01-01,20-24,42.0
Pulau Pinang,2008-01-01,25-29,113.0
Pulau Pinang,2008-01-01,30-34,116.0
Pulau Pinang,2008-01-01,35-39,59.0
Pulau Pinang,2008-01-01,40-44,15.0
Pulau Pinang,2008-01-01,45-49,1.0
Pulau Pinang,2008-01-01,tfr,1.76
Pulau Pinang,2009-01-01,15-19,6.0
Pulau Pinang,2009-01-01,20-24,41.0
Pulau Pinang,2009-01-01,25-29,106.0
Pulau Pinang,2009-01-01,30-34,115.0
Pulau Pinang,2009-01-01,35-39,61.0
Pulau Pinang,2009-01-01,40-44,13.0
Pulau Pinang,2009-01-01,45-49,1.0
Pulau Pinang,2009-01-01,tfr,1.71
Pulau Pinang,2010-01-01,15-19,6.0
Pulau Pinang,2010-01-01,20-24,37.0
Pulau Pinang,2010-01-01,25-29,95.0
Pulau Pinang,2010-01-01,30-34,104.0
Pulau Pinang,2010-01-01,35-39,54.0
Pulau Pinang,2010-01-01,40-44,14.0
Pulau Pinang,2010-01-01,45-49,1.0
Pulau Pinang,2010-01-01,tfr,1.56
Pulau Pinang,2011-01-01,15-19,6.0
Pulau Pinang,2011-01-01,20-24,34.0
Pulau Pinang,2011-01-01,25-29,96.0
Pulau Pinang,2011-01-01,30-34,113.0
Pulau Pinang,2011-01-01,35-39,59.0
Pulau Pinang,2011-01-01,40-44,14.0
Pulau Pinang,2011-01-01,45-49,1.0
Pulau Pinang,2011-01-01,tfr,1.62
Pulau Pinang,2012-01-01,15-19,7.0
Pulau Pinang,2012-01-01,20-24,34.0
Pulau Pinang,2012-01-01,25-29,101.0
Pulau Pinang,2012-01-01,30-34,119.0
Pulau Pinang,2012-01-01,35-39,63.0
Pulau Pinang,2012-01-01,40-44,14.0
Pulau Pinang,2012-01-01,45-49,1.0
Pulau Pinang,2012-01-01,tfr,1.7
Pulau Pinang,2013-01-01,15-19,6.0
Pulau Pinang,2013-01-01,20-24,28.0
Pulau Pinang,2013-01-01,25-29,87.0
Pulau Pinang,2013-01-01,30-34,102.0
Pulau Pinang,2013-01-01,35-39,58.0
Pulau Pinang,2013-01-01,40-44,13.0
Pulau Pinang,2013-01-01,45-49,1.0
Pulau Pinang,2013-01-01,tfr,1.48
Pulau Pinang,2014-01-01,15-19,7.0
Pulau Pinang,2014-01-01,20-24,31.0
Pulau Pinang,2014-01-01,25-29,91.0
Pulau Pinang,2014-01-01,30-34,105.0
Pulau Pinang,2014-01-01,35-39,63.0
Pulau Pinang,2014-01-01,40-44,13.0
Pulau Pinang,2014-01-01,45-49,1.0
Pulau Pinang,2014-01-01,tfr,1.56
Pulau Pinang,2015-01-01,15-19,7.0
Pulau Pinang,2015-01-01,20-24,31.0
Pulau Pinang,2015-01-01,25-29,83.0
Pulau Pinang,2015-01-01,30-34,100.0
Pulau Pinang,2015-01-01,35-39,63.0
Pulau Pinang,2015-01-01,40-44,14.0
Pulau Pinang,2015-01-01,45-49,1.0
Pulau Pinang,2015-01-01,tfr,1.49
Pulau Pinang,2016-01-01,15-19,7.0
Pulau Pinang,2016-01-01,20-24,31.0
Pulau Pinang,2016-01-01,25-29,77.0
Pulau Pinang,2016-01-01,30-34,95.0
Pulau Pinang,2016-01-01,35-39,62.0
Pulau Pinang,2016-01-01,40-44,14.0
Pulau Pinang,2016-01-01,45-49,1.0
Pulau Pinang,2016-01-01,tfr,1.44
Pulau Pinang,2017-01-01,15-19,6.0
Pulau Pinang,2017-01-01,20-24,31.0
Pulau Pinang,2017-01-01,25-29,76.0
Pulau Pinang,2017-01-01,30-34,91.0
Pulau Pinang,2017-01-01,35-39,59.0
Pulau Pinang,2017-01-01,40-44,14.0
Pulau Pinang,2017-01-01,45-49,1.0
Pulau Pinang,2017-01-01,tfr,1.39
Pulau Pinang,2018-01-01,15-19,5.02
Pulau Pinang,2018-01-01,20-24,29.54
Pulau Pinang,2018-01-01,25-29,69.22
Pulau Pinang,2018-01-01,30-34,87.87
Pulau Pinang,2018-01-01,35-39,57.33
Pulau Pinang,2018-01-01,40-44,14.5
Pulau Pinang,2018-01-01,45-49,1.04
Pulau Pinang,2018-01-01,tfr,1.32
Pulau Pinang,2019-01-01,15-19,4.78
Pulau Pinang,2019-01-01,20-24,29.46
Pulau Pinang,2019-01-01,25-29,68.65
Pulau Pinang,2019-01-01,30-34,83.36
Pulau Pinang,2019-01-01,35-39,54.6
Pulau Pinang,2019-01-01,40-44,14.67
Pulau Pinang,2019-01-01,45-49,0.61
Pulau Pinang,2019-01-01,tfr,1.28
Pulau Pinang,2020-01-01,15-19,5.45
Pulau Pinang,2020-01-01,20-24,27.98
Pulau Pinang,2020-01-01,25-29,69.02
Pulau Pinang,2020-01-01,30-34,77.9
Pulau Pinang,2020-01-01,35-39,54.18
Pulau Pinang,2020-01-01,40-44,14.67
Pulau Pinang,2020-01-01,45-49,0.93
Pulau Pinang,2020-01-01,tfr,1.25
Pulau Pinang,2021-01-01,15-19,4.23
Pulau Pinang,2021-01-01,20-24,27.9
Pulau Pinang,2021-01-01,25-29,68.51
Pulau Pinang,2021-01-01,30-34,76.36
Pulau Pinang,2021-01-01,35-39,52.71
Pulau Pinang,2021-01-01,40-44,14.41
Pulau Pinang,2021-01-01,45-49,1.01
Pulau Pinang,2021-01-01,tfr,1.23
Pulau Pinang,2022-01-01,15-19,5.0
Pulau Pinang,2022-01-01,20-24,29.0
Pulau Pinang,2022-01-01,25-29,71.0
Pulau Pinang,2022-01-01,30-34,70.0
Pulau Pinang,2022-01-01,35-39,45.0
Pulau Pinang,2022-01-01,40-44,12.0
Pulau Pinang,2022-01-01,45-49,1.0
Pulau Pinang,2022-01-01,tfr,1.17
Pulau Pinang,2023-01-01,15-19,8.0
Pulau Pinang,2023-01-01,20-24,32.0
Pulau Pinang,2023-01-01,25-29,75.0
Pulau Pinang,2023-01-01,30-34,76.0
Pulau Pinang,2023-01-01,35-39,50.0
Pulau Pinang,2023-01-01,40-44,14.0
Pulau Pinang,2023-01-01,45-49,1.0
Pulau Pinang,2023-01-01,tfr,1.27
Pulau Pinang,2024-01-01,15-19,6.0
Pulau Pinang,2024-01-01,20-24,26.0
Pulau Pinang,2024-01-01,25-29,67.0
Pulau Pinang,2024-01-01,30-34,74.0
Pulau Pinang,2024-01-01,35-39,45.0
Pulau Pinang,2024-01-01,40-44,13.0
Pulau Pinang,2024-01-01,45-49,1.0
Pulau Pinang,2024-01-01,tfr,1.2
Sabah,2001-01-01,15-19,21.34
Sabah,2001-01-01,20-24,87.1
Sabah,2001-01-01,25-29,124.8
Sabah,2001-01-01,30-34,112.08
Sabah,2001-01-01,35-39,74.07
Sabah,2001-01-01,40-44,37.24
Sabah,2001-01-01,45-49,10.14
Sabah,2001-01-01,tfr,2.33
Sabah,2002-01-01,15-19,18.65
Sabah,2002-01-01,20-24,75.78
Sabah,2002-01-01,25-29,114.34
Sabah,2002-01-01,30-34,108.39
Sabah,2002-01-01,35-39,69.28
Sabah,2002-01-01,40-44,34.16
Sabah,2002-01-01,45-49,8.38
Sabah,2002-01-01,tfr,2.14
Sabah,2003-01-01,15-19,17.21
Sabah,2003-01-01,20-24,70.4
Sabah,2003-01-01,25-29,107.96
Sabah,2003-01-01,30-34,99.72
Sabah,2003-01-01,35-39,66.31
Sabah,2003-01-01,40-44,30.25
Sabah,2003-01-01,45-49,9.11
Sabah,2003-01-01,tfr,2.0
Sabah,2004-01-01,15-19,17.97
Sabah,2004-01-01,20-24,67.31
Sabah,2004-01-01,25-29,109.49
Sabah,2004-01-01,30-34,101.7
Sabah,2004-01-01,35-39,68.36
Sabah,2004-01-01,40-44,30.32
Sabah,2004-01-01,45-49,9.33
Sabah,2004-01-01,tfr,2.02
Sabah,2005-01-01,15-19,17.39
Sabah,2005-01-01,20-24,65.02
Sabah,2005-01-01,25-29,108.92
Sabah,2005-01-01,30-34,101.9
Sabah,2005-01-01,35-39,67.68
Sabah,2005-01-01,40-44,27.96
Sabah,2005-01-01,45-49,9.69
Sabah,2005-01-01,tfr,1.99
Sabah,2006-01-01,15-19,17.12
Sabah,2006-01-01,20-24,61.11
Sabah,2006-01-01,25-29,100.97
Sabah,2006-01-01,30-34,95.62
Sabah,2006-01-01,35-39,65.64
Sabah,2006-01-01,40-44,26.59
Sabah,2006-01-01,45-49,6.43
Sabah,2006-01-01,tfr,1.87
Sabah,2007-01-01,15-19,16.57
Sabah,2007-01-01,20-24,60.01
Sabah,2007-01-01,25-29,95.68
Sabah,2007-01-01,30-34,97.31
Sabah,2007-01-01,35-39,64.12
Sabah,2007-01-01,40-44,25.04
Sabah,2007-01-01,45-49,6.15
Sabah,2007-01-01,tfr,1.82
Sabah,2008-01-01,15-19,18.58
Sabah,2008-01-01,20-24,63.04
Sabah,2008-01-01,25-29,92.39
Sabah,2008-01-01,30-34,101.83
Sabah,2008-01-01,35-39,64.5
Sabah,2008-01-01,40-44,27.11
Sabah,2008-01-01,45-49,5.96
Sabah,2008-01-01,tfr,1.87
Sabah,2009-01-01,15-19,20.9
Sabah,2009-01-01,20-24,67.11
Sabah,2009-01-01,25-29,87.24
Sabah,2009-01-01,30-34,103.07
Sabah,2009-01-01,35-39,63.12
Sabah,2009-01-01,40-44,26.77
Sabah,2009-01-01,45-49,5.36
Sabah,2009-01-01,tfr,1.87
Sabah,2010-01-01,15-19,21.79
Sabah,2010-01-01,20-24,65.86
Sabah,2010-01-01,25-29,84.48
Sabah,2010-01-01,30-34,99.74
Sabah,2010-01-01,35-39,63.2
Sabah,2010-01-01,40-44,26.54
Sabah,2010-01-01,45-49,5.56
Sabah,2010-01-01,tfr,1.84
Sabah,2011-01-01,15-19,21.43
Sabah,2011-01-01,20-24,63.3
Sabah,2011-01-01,25-29,82.23
Sabah,2011-01-01,30-34,99.48
Sabah,2011-01-01,35-39,63.6
Sabah,2011-01-01,40-44,26.09
Sabah,2011-01-01,45-49,5.19
Sabah,2011-01-01,tfr,1.81
Sabah,2012-01-01,15-19,22.12
Sabah,2012-01-01,20-24,63.59
Sabah,2012-01-01,25-29,84.93
Sabah,2012-01-01,30-34,100.29
Sabah,2012-01-01,35-39,65.15
Sabah,2012-01-01,40-44,25.95
Sabah,2012-01-01,45-49,6.12
Sabah,2012-01-01,tfr,1.84
Sabah,2013-01-01,15-19,20.35
Sabah,2013-01-01,20-24,58.59
Sabah,2013-01-01,25-29,77.95
Sabah,2013-01-01,30-34,89.16
Sabah,2013-01-01,35-39,60.52
Sabah,2013-01-01,40-44,23.55
Sabah,2013-01-01,45-49,5.36
Sabah,2013-01-01,tfr,1.68
Sabah,2014-01-01,15-19,20.0
Sabah,2014-01-01,20-24,56.0
Sabah,2014-01-01,25-29,79.0
Sabah,2014-01-01,30-34,88.0
Sabah,2014-01-01,35-39,61.0
Sabah,2014-01-01,40-44,23.0
Sabah,2014-01-01,45-49,4.0
Sabah,2014-01-01,tfr,1.66
Sabah,2015-01-01,15-19,16.0
Sabah,2015-01-01,20-24,51.0
Sabah,2015-01-01,25-29,74.0
Sabah,2015-01-01,30-34,84.0
Sabah,2015-01-01,35-39,59.0
Sabah,2015-01-01,40-44,23.0
Sabah,2015-01-01,45-49,4.0
Sabah,2015-01-01,tfr,1.55
Sabah,2016-01-01,15-19,13.0
Sabah,2016-01-01,20-24,46.0
Sabah,2016-01-01,25-29,68.0
Sabah,2016-01-01,30-34,81.0
Sabah,2016-01-01,35-39,56.0
Sabah,2016-01-01,40-44,20.0
Sabah,2016-01-01,45-49,4.0
Sabah,2016-01-01,tfr,1.44
Sabah,2017-01-01,15-19,11.0
Sabah,2017-01-01,20-24,44.0
Sabah,2017-01-01,25-29,68.0
Sabah,2017-01-01,30-34,82.0
Sabah,2017-01-01,35-39,58.0
Sabah,2017-01-01,40-44,20.0
Sabah,2017-01-01,45-49,3.0
Sabah,2017-01-01,tfr,1.43
Sabah,2018-01-01,15-19,11.09
Sabah,2018-01-01,20-24,43.08
Sabah,2018-01-01,25-29,67.3
Sabah,2018-01-01,30-34,84.53
Sabah,2018-01-01,35-39,54.57
Sabah,2018-01-01,40-44,21.38
Sabah,2018-01-01,45-49,3.48
Sabah,2018-01-01,tfr,1.43
Sabah,2019-01-01,15-19,11.1
Sabah,2019-01-01,20-24,42.08
Sabah,2019-01-01,25-29,67.91
Sabah,2019-01-01,30-34,81.99
Sabah,2019-01-01,35-39,54.78
Sabah,2019-01-01,40-44,21.72
Sabah,2019-01-01,45-49,3.14
Sabah,2019-01-01,tfr,1.41
Sabah,2020-01-01,15-19,9.34
Sabah,2020-01-01,20-24,38.79
Sabah,2020-01-01,25-29,63.47
Sabah,2020-01-01,30-34,78.67
Sabah,2020-01-01,35-39,52.54
Sabah,2020-01-01,40-44,21.03
Sabah,2020-01-01,45-49,2.79
Sabah,2020-01-01,tfr,1.33
Sabah,2021-01-01,15-19,8.47
Sabah,2021-01-01,20-24,40.25
Sabah,2021-01-01,25-29,70.19
Sabah,2021-01-01,30-34,80.4
Sabah,2021-01-01,35-39,53.7
Sabah,2021-01-01,40-44,21.63
Sabah,2021-01-01,45-49,2.67
Sabah,2021-01-01,tfr,1.39
Sabah,2022-01-01,15-19,9.0
Sabah,2022-01-01,20-24,42.0
Sabah,2022-01-01,25-29,76.0
Sabah,2022-01-01,30-34,84.0
Sabah,2022-01-01,35-39,53.0
Sabah,2022-01-01,40-44,21.0
Sabah,2022-01-01,45-49,3.0
Sabah,2022-01-01,tfr,1.44
Sabah,2023-01-01,15-19,8.0
Sabah,2023-01-01,20-24,40.0
Sabah,2023-01-01,25-29,74.0
Sabah,2023-01-01,30-34,87.0
Sabah,2023-01-01,35-39,58.0
Sabah,2023-01-01,40-44,21.0
Sabah,2023-01-01,45-49,3.0
Sabah,2023-01-01,tfr,1.46
Sabah,2024-01-01,15-19,7.0
Sabah,2024-01-01,20-24,34.0
Sabah,2024-01-01,25-29,63.0
Sabah,2024-01-01,30-34,78.0
Sabah,2024-01-01,35-39,53.0
Sabah,2024-01-01,40-44,18.0
Sabah,2024-01-01,45-49,3.0
Sabah,2024-01-01,tfr,1.3
Sarawak,2001-01-01,15-19,36.0
Sarawak,2001-01-01,20-24,115.0
Sarawak,2001-01-01,25-29,160.0
Sarawak,2001-01-01,30-34,136.0
Sarawak,2001-01-01,35-39,77.0
Sarawak,2001-01-01,40-44,24.0
Sarawak,2001-01-01,45-49,3.0
Sarawak,2001-01-01,tfr,2.76
Sarawak,2002-01-01,15-19,32.0
Sarawak,2002-01-01,20-24,111.0
Sarawak,2002-01-01,25-29,155.0
Sarawak,2002-01-01,30-34,135.0
Sarawak,2002-01-01,35-39,72.0
Sarawak,2002-01-01,40-44,24.0
Sarawak,2002-01-01,45-49,3.0
Sarawak,2002-01-01,tfr,2.67
Sarawak,2003-01-01,15-19,31.0
Sarawak,2003-01-01,20-24,107.0
Sarawak,2003-01-01,25-29,152.0
Sarawak,2003-01-01,30-34,131.0
Sarawak,2003-01-01,35-39,71.0
Sarawak,2003-01-01,40-44,22.0
Sarawak,2003-01-01,45-49,3.0
Sarawak,2003-01-01,tfr,2.59
Sarawak,2004-01-01,15-19,32.0
Sarawak,2004-01-01,20-24,105.0
Sarawak,2004-01-01,25-29,144.0
Sarawak,2004-01-01,30-34,130.0
Sarawak,2004-01-01,35-39,70.0
Sarawak,2004-01-01,40-44,22.0
Sarawak,2004-01-01,45-49,2.0
Sarawak,2004-01-01,tfr,2.53
Sarawak,2005-01-01,15-19,31.0
Sarawak,2005-01-01,20-24,104.0
Sarawak,2005-01-01,25-29,144.0
Sarawak,2005-01-01,30-34,126.0
Sarawak,2005-01-01,35-39,70.0
Sarawak,2005-01-01,40-44,20.0
Sarawak,2005-01-01,45-49,2.0
Sarawak,2005-01-01,tfr,2.48
Sarawak,2006-01-01,15-19,29.0
Sarawak,2006-01-01,20-24,99.0
Sarawak,2006-01-01,25-29,142.0
Sarawak,2006-01-01,30-34,124.0
Sarawak,2006-01-01,35-39,69.0
Sarawak,2006-01-01,40-44,21.0
Sarawak,2006-01-01,45-49,2.0
Sarawak,2006-01-01,tfr,2.43
Sarawak,2007-01-01,15-19,30.0
Sarawak,2007-01-01,20-24,95.0
Sarawak,2007-01-01,25-29,139.0
Sarawak,2007-01-01,30-34,120.0
Sarawak,2007-01-01,35-39,69.0
Sarawak,2007-01-01,40-44,19.0
Sarawak,2007-01-01,45-49,2.0
Sarawak,2007-01-01,tfr,2.37
Sarawak,2008-01-01,15-19,31.0
Sarawak,2008-01-01,20-24,96.0
Sarawak,2008-01-01,25-29,136.0
Sarawak,2008-01-01,30-34,121.0
Sarawak,2008-01-01,35-39,68.0
Sarawak,2008-01-01,40-44,20.0
Sarawak,2008-01-01,45-49,2.0
Sarawak,2008-01-01,tfr,2.37
Sarawak,2009-01-01,15-19,33.0
Sarawak,2009-01-01,20-24,92.0
Sarawak,2009-01-01,25-29,133.0
Sarawak,2009-01-01,30-34,123.0
Sarawak,2009-01-01,35-39,67.0
Sarawak,2009-01-01,40-44,20.0
Sarawak,2009-01-01,45-49,2.0
Sarawak,2009-01-01,tfr,2.35
Sarawak,2010-01-01,15-19,32.0
Sarawak,2010-01-01,20-24,84.0
Sarawak,2010-01-01,25-29,123.0
Sarawak,2010-01-01,30-34,117.0
Sarawak,2010-01-01,35-39,62.0
Sarawak,2010-01-01,40-44,18.0
Sarawak,2010-01-01,45-49,2.0
Sarawak,2010-01-01,tfr,2.18
Sarawak,2011-01-01,15-19,32.0
Sarawak,2011-01-01,20-24,84.0
Sarawak,2011-01-01,25-29,122.0
Sarawak,2011-01-01,30-34,123.0
Sarawak,2011-01-01,35-39,64.0
Sarawak,2011-01-01,40-44,18.0
Sarawak,2011-01-01,45-49,2.0
Sarawak,2011-01-01,tfr,2.23
Sarawak,2012-01-01,15-19,32.0
Sarawak,2012-01-01,20-24,80.0
Sarawak,2012-01-01,25-29,120.0
Sarawak,2012-01-01,30-34,118.0
Sarawak,2012-01-01,35-39,63.0
Sarawak,2012-01-01,40-44,19.0
Sarawak,2012-01-01,45-49,2.0
Sarawak,2012-01-01,tfr,2.16
Sarawak,2013-01-01,15-19,30.0
Sarawak,2013-01-01,20-24,70.0
Sarawak,2013-01-01,25-29,105.0
Sarawak,2013-01-01,30-34,107.0
Sarawak,2013-01-01,35-39,59.0
Sarawak,2013-01-01,40-44,17.0
Sarawak,2013-01-01,45-49,1.0
Sarawak,2013-01-01,tfr,1.95
Sarawak,2014-01-01,15-19,30.0
Sarawak,2014-01-01,20-24,70.0
Sarawak,2014-01-01,25-29,104.0
Sarawak,2014-01-01,30-34,108.0
Sarawak,2014-01-01,35-39,61.0
Sarawak,2014-01-01,40-44,17.0
Sarawak,2014-01-01,45-49,2.0
Sarawak,2014-01-01,tfr,1.96
Sarawak,2015-01-01,15-19,27.0
Sarawak,2015-01-01,20-24,65.0
Sarawak,2015-01-01,25-29,99.0
Sarawak,2015-01-01,30-34,103.0
Sarawak,2015-01-01,35-39,61.0
Sarawak,2015-01-01,40-44,16.0
Sarawak,2015-01-01,45-49,1.0
Sarawak,2015-01-01,tfr,1.86
Sarawak,2016-01-01,15-19,21.0
Sarawak,2016-01-01,20-24,61.0
Sarawak,2016-01-01,25-29,93.0
Sarawak,2016-01-01,30-34,97.0
Sarawak,2016-01-01,35-39,60.0
Sarawak,2016-01-01,40-44,16.0
Sarawak,2016-01-01,45-49,1.0
Sarawak,2016-01-01,tfr,1.74
Sarawak,2017-01-01,15-19,18.0
Sarawak,2017-01-01,20-24,58.0
Sarawak,2017-01-01,25-29,91.0
Sarawak,2017-01-01,30-34,95.0
Sarawak,2017-01-01,35-39,59.0
Sarawak,2017-01-01,40-44,15.0
Sarawak,2017-01-01,45-49,1.0
Sarawak,2017-01-01,tfr,1.69
Sarawak,2018-01-01,15-19,16.65
Sarawak,2018-01-01,20-24,55.01
Sarawak,2018-01-01,25-29,83.75
Sarawak,2018-01-01,30-34,93.24
Sarawak,2018-01-01,35-39,58.03
Sarawak,2018-01-01,40-44,16.77
Sarawak,2018-01-01,45-49,1.11
Sarawak,2018-01-01,tfr,1.62
Sarawak,2019-01-01,15-19,16.08
Sarawak,2019-01-01,20-24,52.57
Sarawak,2019-01-01,25-29,83.74
Sarawak,2019-01-01,30-34,90.51
Sarawak,2019-01-01,35-39,57.54
Sarawak,2019-01-01,40-44,16.86
Sarawak,2019-01-01,45-49,1.11
Sarawak,2019-01-01,tfr,1.59
Sarawak,2020-01-01,15-19,14.24
Sarawak,2020-01-01,20-24,50.13
Sarawak,2020-01-01,25-29,80.94
Sarawak,2020-01-01,30-34,87.59
Sarawak,2020-01-01,35-39,54.93
Sarawak,2020-01-01,40-44,16.7
Sarawak,2020-01-01,45-49,1.19
Sarawak,2020-01-01,tfr,1.53
Sarawak,2021-01-01,15-19,14.18
Sarawak,2021-01-01,20-24,53.59
Sarawak,2021-01-01,25-29,89.37
Sarawak,2021-01-01,30-34,90.17
Sarawak,2021-01-01,35-39,53.23
Sarawak,2021-01-01,40-44,16.07
Sarawak,2021-01-01,45-49,0.98
Sarawak,2021-01-01,tfr,1.59
Sarawak,2022-01-01,15-19,13.0
Sarawak,2022-01-01,20-24,53.0
Sarawak,2022-01-01,25-29,91.0
Sarawak,2022-01-01,30-34,88.0
Sarawak,2022-01-01,35-39,52.0
Sarawak,2022-01-01,40-44,15.0
Sarawak,2022-01-01,45-49,1.0
Sarawak,2022-01-01,tfr,1.56
Sarawak,2023-01-01,15-19,13.0
Sarawak,2023-01-01,20-24,54.0
Sarawak,2023-01-01,25-29,99.0
Sarawak,2023-01-01,30-34,96.0
Sarawak,2023-01-01,35-39,58.0
Sarawak,2023-01-01,40-44,16.0
Sarawak,2023-01-01,45-49,1.0
Sarawak,2023-01-01,tfr,1.69
Sarawak,2024-01-01,15-19,12.0
Sarawak,2024-01-01,20-24,46.0
Sarawak,2024-01-01,25-29,86.0
Sarawak,2024-01-01,30-34,86.0
Sarawak,2024-01-01,35-39,54.0
Sarawak,2024-01-01,40-44,14.0
Sarawak,2024-01-01,45-49,1.0
Sarawak,2024-01-01,tfr,1.5
Selangor,2001-01-01,15-19,8.0
Selangor,2001-01-01,20-24,63.0
Selangor,2001-01-01,25-29,141.0
Selangor,2001-01-01,30-34,133.0
Selangor,2001-01-01,35-39,78.0
Selangor,2001-01-01,40-44,23.0
Selangor,2001-01-01,45-49,3.0
Selangor,2001-01-01,tfr,2.24
Selangor,2002-01-01,15-19,8.0
Selangor,2002-01-01,20-24,61.0
Selangor,2002-01-01,25-29,143.0
Selangor,2002-01-01,30-34,138.0
Selangor,2002-01-01,35-39,77.0
Selangor,2002-01-01,40-44,22.0
Selangor,2002-01-01,45-49,2.0
Selangor,2002-01-01,tfr,2.25
Selangor,2003-01-01,15-19,8.0
Selangor,2003-01-01,20-24,58.0
Selangor,2003-01-01,25-29,142.0
Selangor,2003-01-01,30-34,134.0
Selangor,2003-01-01,35-39,77.0
Selangor,2003-01-01,40-44,22.0
Selangor,2003-01-01,45-49,2.0
Selangor,2003-01-01,tfr,2.22
Selangor,2004-01-01,15-19,8.0
Selangor,2004-01-01,20-24,56.0
Selangor,2004-01-01,25-29,146.0
Selangor,2004-01-01,30-34,136.0
Selangor,2004-01-01,35-39,79.0
Selangor,2004-01-01,40-44,23.0
Selangor,2004-01-01,45-49,3.0
Selangor,2004-01-01,tfr,2.24
Selangor,2005-01-01,15-19,7.0
Selangor,2005-01-01,20-24,51.0
Selangor,2005-01-01,25-29,140.0
Selangor,2005-01-01,30-34,134.0
Selangor,2005-01-01,35-39,78.0
Selangor,2005-01-01,40-44,21.0
Selangor,2005-01-01,45-49,2.0
Selangor,2005-01-01,tfr,2.16
Selangor,2006-01-01,15-19,7.0
Selangor,2006-01-01,20-24,48.0
Selangor,2006-01-01,25-29,138.0
Selangor,2006-01-01,30-34,136.0
Selangor,2006-01-01,35-39,77.0
Selangor,2006-01-01,40-44,21.0
Selangor,2006-01-01,45-49,2.0
Selangor,2006-01-01,tfr,2.15
Selangor,2007-01-01,15-19,7.0
Selangor,2007-01-01,20-24,44.0
Selangor,2007-01-01,25-29,134.0
Selangor,2007-01-01,30-34,138.0
Selangor,2007-01-01,35-39,78.0
Selangor,2007-01-01,40-44,21.0
Selangor,2007-01-01,45-49,2.0
Selangor,2007-01-01,tfr,2.12
Selangor,2008-01-01,15-19,8.0
Selangor,2008-01-01,20-24,43.0
Selangor,2008-01-01,25-29,128.0
Selangor,2008-01-01,30-34,141.0
Selangor,2008-01-01,35-39,78.0
Selangor,2008-01-01,40-44,21.0
Selangor,2008-01-01,45-49,2.0
Selangor,2008-01-01,tfr,2.1
Selangor,2009-01-01,15-19,9.0
Selangor,2009-01-01,20-24,40.0
Selangor,2009-01-01,25-29,121.0
Selangor,2009-01-01,30-34,141.0
Selangor,2009-01-01,35-39,78.0
Selangor,2009-01-01,40-44,21.0
Selangor,2009-01-01,45-49,2.0
Selangor,2009-01-01,tfr,2.06
Selangor,2010-01-01,15-19,9.0
Selangor,2010-01-01,20-24,37.0
Selangor,2010-01-01,25-29,109.0
Selangor,2010-01-01,30-34,132.0
Selangor,2010-01-01,35-39,74.0
Selangor,2010-01-01,40-44,20.0
Selangor,2010-01-01,45-49,2.0
Selangor,2010-01-01,tfr,1.91
Selangor,2011-01-01,15-19,10.0
Selangor,2011-01-01,20-24,38.0
Selangor,2011-01-01,25-29,110.0
Selangor,2011-01-01,30-34,135.0
Selangor,2011-01-01,35-39,77.0
Selangor,2011-01-01,40-44,21.0
Selangor,2011-01-01,45-49,2.0
Selangor,2011-01-01,tfr,1.96
Selangor,2012-01-01,15-19,10.0
Selangor,2012-01-01,20-24,39.0
Selangor,2012-01-01,25-29,111.0
Selangor,2012-01-01,30-34,136.0
Selangor,2012-01-01,35-39,81.0
Selangor,2012-01-01,40-44,21.0
Selangor,2012-01-01,45-49,2.0
Selangor,2012-01-01,tfr,2.0
Selangor,2013-01-01,15-19,9.0
Selangor,2013-01-01,20-24,36.0
Selangor,2013-01-01,25-29,103.0
Selangor,2013-01-01,30-34,119.0
Selangor,2013-01-01,35-39,76.0
Selangor,2013-01-01,40-44,20.0
Selangor,2013-01-01,45-49,2.0
Selangor,2013-01-01,tfr,1.82
Selangor,2014-01-01,15-19,9.0
Selangor,2014-01-01,20-24,38.0
Selangor,2014-01-01,25-29,103.0
Selangor,2014-01-01,30-34,121.0
Selangor,2014-01-01,35-39,80.0
Selangor,2014-01-01,40-44,20.0
Selangor,2014-01-01,45-49,1.0
Selangor,2014-01-01,tfr,1.86
Selangor,2015-01-01,15-19,8.0
Selangor,2015-01-01,20-24,39.0
Selangor,2015-01-01,25-29,100.0
Selangor,2015-01-01,30-34,116.0
Selangor,2015-01-01,35-39,79.0
Selangor,2015-01-01,40-44,20.0
Selangor,2015-01-01,45-49,2.0
Selangor,2015-01-01,tfr,1.81
Selangor,2016-01-01,15-19,7.0
Selangor,2016-01-01,20-24,39.0
Selangor,2016-01-01,25-29,94.0
Selangor,2016-01-01,30-34,109.0
Selangor,2016-01-01,35-39,75.0
Selangor,2016-01-01,40-44,20.0
Selangor,2016-01-01,45-49,1.0
Selangor,2016-01-01,tfr,1.73
Selangor,2017-01-01,15-19,6.0
Selangor,2017-01-01,20-24,39.0
Selangor,2017-01-01,25-29,96.0
Selangor,2017-01-01,30-34,105.0
Selangor,2017-01-01,35-39,72.0
Selangor,2017-01-01,40-44,20.0
Selangor,2017-01-01,45-49,1.0
Selangor,2017-01-01,tfr,1.7
Selangor,2018-01-01,15-19,6.02
Selangor,2018-01-01,20-24,38.29
Selangor,2018-01-01,25-29,96.97
Selangor,2018-01-01,30-34,101.88
Selangor,2018-01-01,35-39,68.39
Selangor,2018-01-01,40-44,20.76
Selangor,2018-01-01,45-49,1.24
Selangor,2018-01-01,tfr,1.67
Selangor,2019-01-01,15-19,5.43
Selangor,2019-01-01,20-24,34.91
Selangor,2019-01-01,25-29,96.35
Selangor,2019-01-01,30-34,94.33
Selangor,2019-01-01,35-39,62.39
Selangor,2019-01-01,40-44,19.78
Selangor,2019-01-01,45-49,1.47
Selangor,2019-01-01,tfr,1.57
Selangor,2020-01-01,15-19,5.19
Selangor,2020-01-01,20-24,33.37
Selangor,2020-01-01,25-29,99.88
Selangor,2020-01-01,30-34,93.01
Selangor,2020-01-01,35-39,60.95
Selangor,2020-01-01,40-44,19.65
Selangor,2020-01-01,45-49,1.46
Selangor,2020-01-01,tfr,1.57
Selangor,2021-01-01,15-19,3.64
Selangor,2021-01-01,20-24,31.04
Selangor,2021-01-01,25-29,103.12
Selangor,2021-01-01,30-34,90.76
Selangor,2021-01-01,35-39,58.84
Selangor,2021-01-01,40-44,18.55
Selangor,2021-01-01,45-49,1.32
Selangor,2021-01-01,tfr,1.54
Selangor,2022-01-01,15-19,3.0
Selangor,2022-01-01,20-24,30.0
Selangor,2022-01-01,25-29,103.0
Selangor,2022-01-01,30-34,86.0
Selangor,2022-01-01,35-39,52.0
Selangor,2022-01-01,40-44,16.0
Selangor,2022-01-01,45-49,1.0
Selangor,2022-01-01,tfr,1.46
Selangor,2023-01-01,15-19,5.0
Selangor,2023-01-01,20-24,32.0
Selangor,2023-01-01,25-29,109.0
Selangor,2023-01-01,30-34,99.0
Selangor,2023-01-01,35-39,55.0
Selangor,2023-01-01,40-44,17.0
Selangor,2023-01-01,45-49,1.0
Selangor,2023-01-01,tfr,1.59
Selangor,2024-01-01,15-19,5.0
Selangor,2024-01-01,20-24,28.0
Selangor,2024-01-01,25-29,96.0
Selangor,2024-01-01,30-34,100.0
Selangor,2024-01-01,35-39,51.0
Selangor,2024-01-01,40-44,15.0
Selangor,2024-01-01,45-49,1.0
Selangor,2024-01-01,tfr,1.5
Terengganu,2001-01-01,15-19,11.0
Terengganu,2001-01-01,20-24,123.0
Terengganu,2001-01-01,25-29,269.0
Terengganu,2001-01-01,30-34,205.0
Terengganu,2001-01-01,35-39,147.0
Terengganu,2001-01-01,40-44,68.0
Terengganu,2001-01-01,45-49,9.0
Terengganu,2001-01-01,tfr,4.16
Terengganu,2002-01-01,15-19,10.0
Terengganu,2002-01-01,20-24,104.0
Terengganu,2002-01-01,25-29,254.0
Terengganu,2002-01-01,30-34,207.0
Terengganu,2002-01-01,35-39,140.0
Terengganu,2002-01-01,40-44,63.0
Terengganu,2002-01-01,45-49,7.0
Terengganu,2002-01-01,tfr,3.93
Terengganu,2003-01-01,15-19,10.0
Terengganu,2003-01-01,20-24,93.0
Terengganu,2003-01-01,25-29,235.0
Terengganu,2003-01-01,30-34,203.0
Terengganu,2003-01-01,35-39,134.0
Terengganu,2003-01-01,40-44,55.0
Terengganu,2003-01-01,45-49,8.0
Terengganu,2003-01-01,tfr,3.68
Terengganu,2004-01-01,15-19,10.0
Terengganu,2004-01-01,20-24,89.0
Terengganu,2004-01-01,25-29,233.0
Terengganu,2004-01-01,30-34,199.0
Terengganu,2004-01-01,35-39,134.0
Terengganu,2004-01-01,40-44,58.0
Terengganu,2004-01-01,45-49,7.0
Terengganu,2004-01-01,tfr,3.64
Terengganu,2005-01-01,15-19,9.0
Terengganu,2005-01-01,20-24,87.0
Terengganu,2005-01-01,25-29,214.0
Terengganu,2005-01-01,30-34,200.0
Terengganu,2005-01-01,35-39,126.0
Terengganu,2005-01-01,40-44,52.0
Terengganu,2005-01-01,45-49,5.0
Terengganu,2005-01-01,tfr,3.46
Terengganu,2006-01-01,15-19,10.0
Terengganu,2006-01-01,20-24,84.0
Terengganu,2006-01-01,25-29,210.0
Terengganu,2006-01-01,30-34,193.0
Terengganu,2006-01-01,35-39,125.0
Terengganu,2006-01-01,40-44,48.0
Terengganu,2006-01-01,45-49,6.0
Terengganu,2006-01-01,tfr,3.38
Terengganu,2007-01-01,15-19,10.0
Terengganu,2007-01-01,20-24,84.0
Terengganu,2007-01-01,25-29,204.0
Terengganu,2007-01-01,30-34,197.0
Terengganu,2007-01-01,35-39,127.0
Terengganu,2007-01-01,40-44,50.0
Terengganu,2007-01-01,45-49,4.0
Terengganu,2007-01-01,tfr,3.38
Terengganu,2008-01-01,15-19,12.0
Terengganu,2008-01-01,20-24,89.0
Terengganu,2008-01-01,25-29,214.0
Terengganu,2008-01-01,30-34,194.0
Terengganu,2008-01-01,35-39,128.0
Terengganu,2008-01-01,40-44,48.0
Terengganu,2008-01-01,45-49,5.0
Terengganu,2008-01-01,tfr,3.44
Terengganu,2009-01-01,15-19,13.0
Terengganu,2009-01-01,20-24,87.0
Terengganu,2009-01-01,25-29,227.0
Terengganu,2009-01-01,30-34,192.0
Terengganu,2009-01-01,35-39,124.0
Terengganu,2009-01-01,40-44,45.0
Terengganu,2009-01-01,45-49,5.0
Terengganu,2009-01-01,tfr,3.46
Terengganu,2010-01-01,15-19,12.0
Terengganu,2010-01-01,20-24,81.0
Terengganu,2010-01-01,25-29,238.0
Terengganu,2010-01-01,30-34,196.0
Terengganu,2010-01-01,35-39,122.0
Terengganu,2010-01-01,40-44,43.0
Terengganu,2010-01-01,45-49,4.0
Terengganu,2010-01-01,tfr,3.48
Terengganu,2011-01-01,15-19,11.0
Terengganu,2011-01-01,20-24,76.0
Terengganu,2011-01-01,25-29,229.0
Terengganu,2011-01-01,30-34,201.0
Terengganu,2011-01-01,35-39,127.0
Terengganu,2011-01-01,40-44,42.0
Terengganu,2011-01-01,45-49,4.0
Terengganu,2011-01-01,tfr,3.46
Terengganu,2012-01-01,15-19,12.0
Terengganu,2012-01-01,20-24,72.0
Terengganu,2012-01-01,25-29,227.0
Terengganu,2012-01-01,30-34,206.0
Terengganu,2012-01-01,35-39,132.0
Terengganu,2012-01-01,40-44,45.0
Terengganu,2012-01-01,45-49,4.0
Terengganu,2012-01-01,tfr,3.49
Terengganu,2013-01-01,15-19,11.0
Terengganu,2013-01-01,20-24,69.0
Terengganu,2013-01-01,25-29,214.0
Terengganu,2013-01-01,30-34,205.0
Terengganu,2013-01-01,35-39,121.0
Terengganu,2013-01-01,40-44,40.0
Terengganu,2013-01-01,45-49,4.0
Terengganu,2013-01-01,tfr,3.32
Terengganu,2014-01-01,15-19,11.0
Terengganu,2014-01-01,20-24,68.0
Terengganu,2014-01-01,25-29,212.0
Terengganu,2014-01-01,30-34,217.0
Terengganu,2014-01-01,35-39,124.0
Terengganu,2014-01-01,40-44,40.0
Terengganu,2014-01-01,45-49,3.0
Terengganu,2014-01-01,tfr,3.38
Terengganu,2015-01-01,15-19,10.0
Terengganu,2015-01-01,20-24,68.0
Terengganu,2015-01-01,25-29,208.0
Terengganu,2015-01-01,30-34,217.0
Terengganu,2015-01-01,35-39,127.0
Terengganu,2015-01-01,40-44,41.0
Terengganu,2015-01-01,45-49,3.0
Terengganu,2015-01-01,tfr,3.36
Terengganu,2016-01-01,15-19,10.0
Terengganu,2016-01-01,20-24,62.0
Terengganu,2016-01-01,25-29,193.0
Terengganu,2016-01-01,30-34,215.0
Terengganu,2016-01-01,35-39,126.0
Terengganu,2016-01-01,40-44,38.0
Terengganu,2016-01-01,45-49,4.0
Terengganu,2016-01-01,tfr,3.24
Terengganu,2017-01-01,15-19,9.0
Terengganu,2017-01-01,20-24,64.0
Terengganu,2017-01-01,25-29,180.0
Terengganu,2017-01-01,30-34,208.0
Terengganu,2017-01-01,35-39,128.0
Terengganu,2017-01-01,40-44,40.0
Terengganu,2017-01-01,45-49,3.0
Terengganu,2017-01-01,tfr,3.16
Terengganu,2018-01-01,15-19,7.31
Terengganu,2018-01-01,20-24,60.43
Terengganu,2018-01-01,25-29,174.28
Terengganu,2018-01-01,30-34,203.36
Terengganu,2018-01-01,35-39,132.79
Terengganu,2018-01-01,40-44,41.22
Terengganu,2018-01-01,45-49,3.29
Terengganu,2018-01-01,tfr,3.11
Terengganu,2019-01-01,15-19,6.4
Terengganu,2019-01-01,20-24,58.23
Terengganu,2019-01-01,25-29,159.36
Terengganu,2019-01-01,30-34,181.06
Terengganu,2019-01-01,35-39,132.56
Terengganu,2019-01-01,40-44,40.45
Terengganu,2019-01-01,45-49,2.85
Terengganu,2019-01-01,tfr,2.9
Terengganu,2020-01-01,15-19,6.5
Terengganu,2020-01-01,20-24,56.26
Terengganu,2020-01-01,25-29,153.1
Terengganu,2020-01-01,30-34,175.94
Terengganu,2020-01-01,35-39,136.89
Terengganu,2020-01-01,40-44,40.3
Terengganu,2020-01-01,45-49,2.92
Terengganu,2020-01-01,tfr,2.86
Terengganu,2021-01-01,15-19,6.46
Terengganu,2021-01-01,20-24,59.57
Terengganu,2021-01-01,25-29,200.06
Terengganu,2021-01-01,30-34,189.07
Terengganu,2021-01-01,35-39,114.87
Terengganu,2021-01-01,40-44,34.72
Terengganu,2021-01-01,45-49,3.28
Terengganu,2021-01-01,tfr,3.04
Terengganu,2022-01-01,15-19,6.0
Terengganu,2022-01-01,20-24,57.0
Terengganu,2022-01-01,25-29,190.0
Terengganu,2022-01-01,30-34,180.0
Terengganu,2022-01-01,35-39,105.0
Terengganu,2022-01-01,40-44,34.0
Terengganu,2022-01-01,45-49,3.0
Terengganu,2022-01-01,tfr,2.88
Terengganu,2023-01-01,15-19,9.0
Terengganu,2023-01-01,20-24,54.0
Terengganu,2023-01-01,25-29,180.0
Terengganu,2023-01-01,30-34,187.0
Terengganu,2023-01-01,35-39,117.0
Terengganu,2023-01-01,40-44,33.0
Terengganu,2023-01-01,45-49,2.0
Terengganu,2023-01-01,tfr,2.91
Terengganu,2024-01-01,15-19,8.0
Terengganu,2024-01-01,20-24,48.0
Terengganu,2024-01-01,25-29,149.0
Terengganu,2024-01-01,30-34,167.0
Terengganu,2024-01-01,35-39,110.0
Terengganu,2024-01-01,40-44,33.0
Terengganu,2024-01-01,45-49,2.0
Terengganu,2024-01-01,tfr,2.6
W.P. Kuala Lumpur,2001-01-01,15-19,9.0
W.P. Kuala Lumpur,2001-01-01,20-24,50.0
W.P. Kuala Lumpur,2001-01-01,25-29,115.0
W.P. Kuala Lumpur,2001-01-01,30-34,125.0
W.P. Kuala Lumpur,2001-01-01,35-39,75.0
W.P. Kuala Lumpur,2001-01-01,40-44,22.0
W.P. Kuala Lumpur,2001-01-01,45-49,3.0
W.P. Kuala Lumpur,2001-01-01,tfr,1.99
W.P. Kuala Lumpur,2002-01-01,15-19,8.0
W.P. Kuala Lumpur,2002-01-01,20-24,50.0
W.P. Kuala Lumpur,2002-01-01,25-29,111.0
W.P. Kuala Lumpur,2002-01-01,30-34,115.0
W.P. Kuala Lumpur,2002-01-01,35-39,70.0
W.P. Kuala Lumpur,2002-01-01,40-44,20.0
W.P. Kuala Lumpur,2002-01-01,45-49,2.0
W.P. Kuala Lumpur,2002-01-01,tfr,1.87
W.P. Kuala Lumpur,2003-01-01,15-19,7.0
W.P. Kuala Lumpur,2003-01-01,20-24,47.0
W.P. Kuala Lumpur,2003-01-01,25-29,108.0
W.P. Kuala Lumpur,2003-01-01,30-34,111.0
W.P. Kuala Lumpur,2003-01-01,35-39,67.0
W.P. Kuala Lumpur,2003-01-01,40-44,19.0
W.P. Kuala Lumpur,2003-01-01,45-49,2.0
W.P. Kuala Lumpur,2003-01-01,tfr,1.8
W.P. Kuala Lumpur,2004-01-01,15-19,7.0
W.P. Kuala Lumpur,2004-01-01,20-24,46.0
W.P. Kuala Lumpur,2004-01-01,25-29,110.0
W.P. Kuala Lumpur,2004-01-01,30-34,106.0
W.P. Kuala Lumpur,2004-01-01,35-39,62.0
W.P. Kuala Lumpur,2004-01-01,40-44,19.0
W.P. Kuala Lumpur,2004-01-01,45-49,3.0
W.P. Kuala Lumpur,2004-01-01,tfr,1.77
W.P. Kuala Lumpur,2005-01-01,15-19,6.0
W.P. Kuala Lumpur,2005-01-01,20-24,42.0
W.P. Kuala Lumpur,2005-01-01,25-29,104.0
W.P. Kuala Lumpur,2005-01-01,30-34,103.0
W.P. Kuala Lumpur,2005-01-01,35-39,56.0
W.P. Kuala Lumpur,2005-01-01,40-44,17.0
W.P. Kuala Lumpur,2005-01-01,45-49,2.0
W.P. Kuala Lumpur,2005-01-01,tfr,1.65
W.P. Kuala Lumpur,2006-01-01,15-19,6.0
W.P. Kuala Lumpur,2006-01-01,20-24,41.0
W.P. Kuala Lumpur,2006-01-01,25-29,105.0
W.P. Kuala Lumpur,2006-01-01,30-34,106.0
W.P. Kuala Lumpur,2006-01-01,35-39,56.0
W.P. Kuala Lumpur,2006-01-01,40-44,17.0
W.P. Kuala Lumpur,2006-01-01,45-49,2.0
W.P. Kuala Lumpur,2006-01-01,tfr,1.67
W.P. Kuala Lumpur,2007-01-01,15-19,6.0
W.P. Kuala Lumpur,2007-01-01,20-24,39.0
W.P. Kuala Lumpur,2007-01-01,25-29,108.0
W.P. Kuala Lumpur,2007-01-01,30-34,112.0
W.P. Kuala Lumpur,2007-01-01,35-39,57.0
W.P. Kuala Lumpur,2007-01-01,40-44,16.0
W.P. Kuala Lumpur,2007-01-01,45-49,2.0
W.P. Kuala Lumpur,2007-01-01,tfr,1.7
W.P. Kuala Lumpur,2008-01-01,15-19,6.0
W.P. Kuala Lumpur,2008-01-01,20-24,38.0
W.P. Kuala Lumpur,2008-01-01,25-29,102.0
W.P. Kuala Lumpur,2008-01-01,30-34,113.0
W.P. Kuala Lumpur,2008-01-01,35-39,60.0
W.P. Kuala Lumpur,2008-01-01,40-44,15.0
W.P. Kuala Lumpur,2008-01-01,45-49,2.0
W.P. Kuala Lumpur,2008-01-01,tfr,1.68
W.P. Kuala Lumpur,2009-01-01,15-19,7.0
W.P. Kuala Lumpur,2009-01-01,20-24,38.0
W.P. Kuala Lumpur,2009-01-01,25-29,97.0
W.P. Kuala Lumpur,2009-01-01,30-34,114.0
W.P. Kuala Lumpur,2009-01-01,35-39,64.0
W.P. Kuala Lumpur,2009-01-01,40-44,14.0
W.P. Kuala Lumpur,2009-01-01,45-49,2.0
W.P. Kuala Lumpur,2009-01-01,tfr,1.68
W.P. Kuala Lumpur,2010-01-01,15-19,7.0
W.P. Kuala Lumpur,2010-01-01,20-24,34.0
W.P. Kuala Lumpur,2010-01-01,25-29,86.0
W.P. Kuala Lumpur,2010-01-01,30-34,106.0
W.P. Kuala Lumpur,2010-01-01,35-39,62.0
W.P. Kuala Lumpur,2010-01-01,40-44,13.0
W.P. Kuala Lumpur,2010-01-01,45-49,2.0
W.P. Kuala Lumpur,2010-01-01,tfr,1.55
W.P. Kuala Lumpur,2011-01-01,15-19,7.0
W.P. Kuala Lumpur,2011-01-01,20-24,34.0
W.P. Kuala Lumpur,2011-01-01,25-29,91.0
W.P. Kuala Lumpur,2011-01-01,30-34,105.0
W.P. Kuala Lumpur,2011-01-01,35-39,65.0
W.P. Kuala Lumpur,2011-01-01,40-44,13.0
W.P. Kuala Lumpur,2011-01-01,45-49,1.0
W.P. Kuala Lumpur,2011-01-01,tfr,1.58
W.P. Kuala Lumpur,2012-01-01,15-19,9.0
W.P. Kuala Lumpur,2012-01-01,20-24,36.0
W.P. Kuala Lumpur,2012-01-01,25-29,93.0
W.P. Kuala Lumpur,2012-01-01,30-34,108.0
W.P. Kuala Lumpur,2012-01-01,35-39,68.0
W.P. Kuala Lumpur,2012-01-01,40-44,15.0
W.P. Kuala Lumpur,2012-01-01,45-49,1.0
W.P. Kuala Lumpur,2012-01-01,tfr,1.65
W.P. Kuala Lumpur,2013-01-01,15-19,8.0
W.P. Kuala Lumpur,2013-01-01,20-24,34.0
W.P. Kuala Lumpur,2013-01-01,25-29,90.0
W.P. Kuala Lumpur,2013-01-01,30-34,95.0
W.P. Kuala Lumpur,2013-01-01,35-39,62.0
W.P. Kuala Lumpur,2013-01-01,40-44,13.0
W.P. Kuala Lumpur,2013-01-01,45-49,1.0
W.P. Kuala Lumpur,2013-01-01,tfr,1.52
W.P. Kuala Lumpur,2014-01-01,15-19,10.0
W.P. Kuala Lumpur,2014-01-01,20-24,35.0
W.P. Kuala Lumpur,2014-01-01,25-29,92.0
W.P. Kuala Lumpur,2014-01-01,30-34,102.0
W.P. Kuala Lumpur,2014-01-01,35-39,66.0
W.P. Kuala Lumpur,2014-01-01,40-44,15.0
W.P. Kuala Lumpur,2014-01-01,45-49,1.0
W.P. Kuala Lumpur,2014-01-01,tfr,1.6
W.P. Kuala Lumpur,2015-01-01,15-19,9.0
W.P. Kuala Lumpur,2015-01-01,20-24,35.0
W.P. Kuala Lumpur,2015-01-01,25-29,87.0
W.P. Kuala Lumpur,2015-01-01,30-34,95.0
W.P. Kuala Lumpur,2015-01-01,35-39,59.0
W.P. Kuala Lumpur,2015-01-01,40-44,16.0
W.P. Kuala Lumpur,2015-01-01,45-49,1.0
W.P. Kuala Lumpur,2015-01-01,tfr,1.5
W.P. Kuala Lumpur,2016-01-01,15-19,8.0
W.P. Kuala Lumpur,2016-01-01,20-24,35.0
W.P. Kuala Lumpur,2016-01-01,25-29,84.0
W.P. Kuala Lumpur,2016-01-01,30-34,97.0
W.P. Kuala Lumpur,2016-01-01,35-39,61.0
W.P. Kuala Lumpur,2016-01-01,40-44,15.0
W.P. Kuala Lumpur,2016-01-01,45-49,1.0
W.P. Kuala Lumpur,2016-01-01,tfr,1.51
W.P. Kuala Lumpur,2017-01-01,15-19,7.0
W.P. Kuala Lumpur,2017-01-01,20-24,33.0
W.P. Kuala Lumpur,2017-01-01,25-29,83.0
W.P. Kuala Lumpur,2017-01-01,30-34,94.0
W.P. Kuala Lumpur,2017-01-01,35-39,57.0
W.P. Kuala Lumpur,2017-01-01,40-44,16.0
W.P. Kuala Lumpur,2017-01-01,45-49,1.0
W.P. Kuala Lumpur,2017-01-01,tfr,1.46
W.P. Kuala Lumpur,2018-01-01,15-19,6.37
W.P. Kuala Lumpur,2018-01-01,20-24,33.47
W.P. Kuala Lumpur,2018-01-01,25-29,82.03
W.P. Kuala Lumpur,2018-01-01,30-34,97.21
W.P. Kuala Lumpur,2018-01-01,35-39,56.6
W.P. Kuala Lumpur,2018-01-01,40-44,16.46
W.P. Kuala Lumpur,2018-01-01,45-49,1.08
W.P. Kuala Lumpur,2018-01-01,tfr,1.47
W.P. Kuala Lumpur,2019-01-01,15-19,6.71
W.P. Kuala Lumpur,2019-01-01,20-24,38.24
W.P. Kuala Lumpur,2019-01-01,25-29,95.25
W.P. Kuala Lumpur,2019-01-01,30-34,109.49
W.P. Kuala Lumpur,2019-01-01,35-39,67.01
W.P. Kuala Lumpur,2019-01-01,40-44,18.38
W.P. Kuala Lumpur,2019-01-01,45-49,1.61
W.P. Kuala Lumpur,2019-01-01,tfr,1.68
W.P. Kuala Lumpur,2020-01-01,15-19,5.83
W.P. Kuala Lumpur,2020-01-01,20-24,31.52
W.P. Kuala Lumpur,2020-01-01,25-29,84.55
W.P. Kuala Lumpur,2020-01-01,30-34,99.85
W.P. Kuala Lumpur,2020-01-01,35-39,59.02
W.P. Kuala Lumpur,2020-01-01,40-44,15.58
W.P. Kuala Lumpur,2020-01-01,45-49,1.36
W.P. Kuala Lumpur,2020-01-01,tfr,1.49
W.P. Kuala Lumpur,2021-01-01,15-19,3.53
W.P. Kuala Lumpur,2021-01-01,20-24,31.07
W.P. Kuala Lumpur,2021-01-01,25-29,73.49
W.P. Kuala Lumpur,2021-01-01,30-34,75.58
W.P. Kuala Lumpur,2021-01-01,35-39,43.91
W.P. Kuala Lumpur,2021-01-01,40-44,12.63
W.P. Kuala Lumpur,2021-01-01,45-49,1.0
W.P. Kuala Lumpur,2021-01-01,tfr,1.21
W.P. Kuala Lumpur,2022-01-01,15-19,3.0
W.P. Kuala Lumpur,2022-01-01,20-24,31.0
W.P. Kuala Lumpur,2022-01-01,25-29,80.0
W.P. Kuala Lumpur,2022-01-01,30-34,71.0
W.P. Kuala Lumpur,2022-01-01,35-39,42.0
W.P. Kuala Lumpur,2022-01-01,40-44,10.0
W.P. Kuala Lumpur,2022-01-01,45-49,1.0
W.P. Kuala Lumpur,2022-01-01,tfr,1.19
W.P. Kuala Lumpur,2023-01-01,15-19,5.0
W.P. Kuala Lumpur,2023-01-01,20-24,32.0
W.P. Kuala Lumpur,2023-01-01,25-29,90.0
W.P. Kuala Lumpur,2023-01-01,30-34,75.0
W.P. Kuala Lumpur,2023-01-01,35-39,46.0
W.P. Kuala Lumpur,2023-01-01,40-44,11.0
W.P. Kuala Lumpur,2023-01-01,45-49,1.0
W.P. Kuala Lumpur,2023-01-01,tfr,1.31
W.P. Kuala Lumpur,2024-01-01,15-19,4.0
W.P. Kuala Lumpur,2024-01-01,20-24,28.0
W.P. Kuala Lumpur,2024-01-01,25-29,88.0
W.P. Kuala Lumpur,2024-01-01,30-34,78.0
W.P. Kuala Lumpur,2024-01-01,35-39,47.0
W.P. Kuala Lumpur,2024-01-01,40-44,11.0
W.P. Kuala Lumpur,2024-01-01,45-49,1.0
W.P. Kuala Lumpur,2024-01-01,tfr,1.3
W.P. Labuan,2001-01-01,15-19,24.0
W.P. Labuan,2001-01-01,20-24,99.0
W.P. Labuan,2001-01-01,25-29,143.0
W.P. Labuan,2001-01-01,30-34,108.0
W.P. Labuan,2001-01-01,35-39,63.0
W.P. Labuan,2001-01-01,40-44,18.0
W.P. Labuan,2001-01-01,45-49,7.0
W.P. Labuan,2001-01-01,tfr,2.3
W.P. Labuan,2002-01-01,15-19,16.0
W.P. Labuan,2002-01-01,20-24,84.0
W.P. Labuan,2002-01-01,25-29,144.0
W.P. Labuan,2002-01-01,30-34,121.0
W.P. Labuan,2002-01-01,35-39,62.0
W.P. Labuan,2002-01-01,40-44,21.0
W.P. Labuan,2002-01-01,45-49,3.0
W.P. Labuan,2002-01-01,tfr,2.26
W.P. Labuan,2003-01-01,15-19,18.0
W.P. Labuan,2003-01-01,20-24,92.0
W.P. Labuan,2003-01-01,25-29,146.0
W.P. Labuan,2003-01-01,30-34,126.0
W.P. Labuan,2003-01-01,35-39,73.0
W.P. Labuan,2003-01-01,40-44,22.0
W.P. Labuan,2003-01-01,45-49,5.0
W.P. Labuan,2003-01-01,tfr,2.4
W.P. Labuan,2004-01-01,15-19,16.0
W.P. Labuan,2004-01-01,20-24,78.0
W.P. Labuan,2004-01-01,25-29,142.0
W.P. Labuan,2004-01-01,30-34,121.0
W.P. Labuan,2004-01-01,35-39,70.0
W.P. Labuan,2004-01-01,40-44,23.0
W.P. Labuan,2004-01-01,45-49,3.0
W.P. Labuan,2004-01-01,tfr,2.26
W.P. Labuan,2005-01-01,15-19,14.0
W.P. Labuan,2005-01-01,20-24,78.0
W.P. Labuan,2005-01-01,25-29,141.0
W.P. Labuan,2005-01-01,30-34,119.0
W.P. Labuan,2005-01-01,35-39,65.0
W.P. Labuan,2005-01-01,40-44,18.0
W.P. Labuan,2005-01-01,45-49,2.0
W.P. Labuan,2005-01-01,tfr,2.18
W.P. Labuan,2006-01-01,15-19,18.0
W.P. Labuan,2006-01-01,20-24,72.0
W.P. Labuan,2006-01-01,25-29,140.0
W.P. Labuan,2006-01-01,30-34,121.0
W.P. Labuan,2006-01-01,35-39,68.0
W.P. Labuan,2006-01-01,40-44,23.0
W.P. Labuan,2006-01-01,45-49,5.0
W.P. Labuan,2006-01-01,tfr,2.24
W.P. Labuan,2007-01-01,15-19,25.0
W.P. Labuan,2007-01-01,20-24,66.0
W.P. Labuan,2007-01-01,25-29,126.0
W.P. Labuan,2007-01-01,30-34,121.0
W.P. Labuan,2007-01-01,35-39,65.0
W.P. Labuan,2007-01-01,40-44,24.0
W.P. Labuan,2007-01-01,45-49,1.0
W.P. Labuan,2007-01-01,tfr,2.13
W.P. Labuan,2008-01-01,15-19,26.0
W.P. Labuan,2008-01-01,20-24,71.0
W.P. Labuan,2008-01-01,25-29,110.0
W.P. Labuan,2008-01-01,30-34,140.0
W.P. Labuan,2008-01-01,35-39,63.0
W.P. Labuan,2008-01-01,40-44,29.0
W.P. Labuan,2008-01-01,45-49,4.0
W.P. Labuan,2008-01-01,tfr,2.21
W.P. Labuan,2009-01-01,15-19,26.0
W.P. Labuan,2009-01-01,20-24,73.0
W.P. Labuan,2009-01-01,25-29,102.0
W.P. Labuan,2009-01-01,30-34,128.0
W.P. Labuan,2009-01-01,35-39,59.0
W.P. Labuan,2009-01-01,40-44,25.0
W.P. Labuan,2009-01-01,45-49,4.0
W.P. Labuan,2009-01-01,tfr,2.09
W.P. Labuan,2010-01-01,15-19,25.0
W.P. Labuan,2010-01-01,20-24,76.0
W.P. Labuan,2010-01-01,25-29,92.0
W.P. Labuan,2010-01-01,30-34,121.0
W.P. Labuan,2010-01-01,35-39,60.0
W.P. Labuan,2010-01-01,40-44,19.0
W.P. Labuan,2010-01-01,45-49,4.0
W.P. Labuan,2010-01-01,tfr,1.98
W.P. Labuan,2011-01-01,15-19,24.0
W.P. Labuan,2011-01-01,20-24,79.0
W.P. Labuan,2011-01-01,25-29,97.0
W.P. Labuan,2011-01-01,30-34,119.0
W.P. Labuan,2011-01-01,35-39,68.0
W.P. Labuan,2011-01-01,40-44,21.0
W.P. Labuan,2011-01-01,45-49,3.0
W.P. Labuan,2011-01-01,tfr,2.05
W.P. Labuan,2012-01-01,15-19,25.0
W.P. Labuan,2012-01-01,20-24,80.0
W.P. Labuan,2012-01-01,25-29,101.0
W.P. Labuan,2012-01-01,30-34,102.0
W.P. Labuan,2012-01-01,35-39,78.0
W.P. Labuan,2012-01-01,40-44,20.0
W.P. Labuan,2012-01-01,45-49,4.0
W.P. Labuan,2012-01-01,tfr,2.04
W.P. Labuan,2013-01-01,15-19,23.0
W.P. Labuan,2013-01-01,20-24,86.0
W.P. Labuan,2013-01-01,25-29,105.0
W.P. Labuan,2013-01-01,30-34,86.0
W.P. Labuan,2013-01-01,35-39,77.0
W.P. Labuan,2013-01-01,40-44,19.0
W.P. Labuan,2013-01-01,45-49,4.0
W.P. Labuan,2013-01-01,tfr,2.0
W.P. Labuan,2014-01-01,15-19,31.0
W.P. Labuan,2014-01-01,20-24,79.0
W.P. Labuan,2014-01-01,25-29,116.0
W.P. Labuan,2014-01-01,30-34,93.0
W.P. Labuan,2014-01-01,35-39,70.0
W.P. Labuan,2014-01-01,40-44,21.0
W.P. Labuan,2014-01-01,45-49,1.0
W.P. Labuan,2014-01-01,tfr,2.05
W.P. Labuan,2015-01-01,15-19,30.0
W.P. Labuan,2015-01-01,20-24,79.0
W.P. Labuan,2015-01-01,25-29,123.0
W.P. Labuan,2015-01-01,30-34,97.0
W.P. Labuan,2015-01-01,35-39,79.0
W.P. Labuan,2015-01-01,40-44,18.0
W.P. Labuan,2015-01-01,45-49,2.0
W.P. Labuan,2015-01-01,tfr,2.13
W.P. Labuan,2016-01-01,15-19,24.0
W.P. Labuan,2016-01-01,20-24,64.0
W.P. Labuan,2016-01-01,25-29,115.0
W.P. Labuan,2016-01-01,30-34,88.0
W.P. Labuan,2016-01-01,35-39,64.0
W.P. Labuan,2016-01-01,40-44,22.0
W.P. Labuan,2016-01-01,45-49,2.0
W.P. Labuan,2016-01-01,tfr,1.89
W.P. Labuan,2017-01-01,15-19,21.0
W.P. Labuan,2017-01-01,20-24,63.0
W.P. Labuan,2017-01-01,25-29,113.0
W.P. Labuan,2017-01-01,30-34,88.0
W.P. Labuan,2017-01-01,35-39,56.0
W.P. Labuan,2017-01-01,40-44,20.0
W.P. Labuan,2017-01-01,45-49,2.0
W.P. Labuan,2017-01-01,tfr,1.82
W.P. Labuan,2018-01-01,15-19,12.35
W.P. Labuan,2018-01-01,20-24,57.48
W.P. Labuan,2018-01-01,25-29,107.54
W.P. Labuan,2018-01-01,30-34,100.7
W.P. Labuan,2018-01-01,35-39,60.27
W.P. Labuan,2018-01-01,40-44,20.73
W.P. Labuan,2018-01-01,45-49,1.09
W.P. Labuan,2018-01-01,tfr,1.8
W.P. Labuan,2019-01-01,15-19,11.88
W.P. Labuan,2019-01-01,20-24,63.56
W.P. Labuan,2019-01-01,25-29,100.73
W.P. Labuan,2019-01-01,30-34,107.45
W.P. Labuan,2019-01-01,35-39,55.31
W.P. Labuan,2019-01-01,40-44,17.73
W.P. Labuan,2019-01-01,45-49,2.85
W.P. Labuan,2019-01-01,tfr,1.8
W.P. Labuan,2020-01-01,15-19,14.11
W.P. Labuan,2020-01-01,20-24,64.34
W.P. Labuan,2020-01-01,25-29,102.96
W.P. Labuan,2020-01-01,30-34,115.99
W.P. Labuan,2020-01-01,35-39,56.23
W.P. Labuan,2020-01-01,40-44,19.91
W.P. Labuan,2020-01-01,45-49,2.49
W.P. Labuan,2020-01-01,tfr,1.88
W.P. Labuan,2021-01-01,15-19,11.0
W.P. Labuan,2021-01-01,20-24,45.35
W.P. Labuan,2021-01-01,25-29,102.08
W.P. Labuan,2021-01-01,30-34,114.0
W.P. Labuan,2021-01-01,35-39,54.72
W.P. Labuan,2021-01-01,40-44,28.33
W.P. Labuan,2021-01-01,45-49,1.58
W.P. Labuan,2021-01-01,tfr,1.79
W.P. Labuan,2022-01-01,15-19,6.0
W.P. Labuan,2022-01-01,20-24,45.18
W.P. Labuan,2022-01-01,25-29,101.77
W.P. Labuan,2022-01-01,30-34,98.33
W.P. Labuan,2022-01-01,35-39,48.53
W.P. Labuan,2022-01-01,40-44,18.86
W.P. Labuan,2022-01-01,45-49,1.59
W.P. Labuan,2022-01-01,tfr,1.6
W.P. Labuan,2023-01-01,15-19,8.0
W.P. Labuan,2023-01-01,20-24,41.0
W.P. Labuan,2023-01-01,25-29,85.0
W.P. Labuan,2023-01-01,30-34,107.0
W.P. Labuan,2023-01-01,35-39,61.0
W.P. Labuan,2023-01-01,40-44,20.0
W.P. Labuan,2023-01-01,45-49,1.0
W.P. Labuan,2023-01-01,tfr,1.61
W.P. Labuan,2024-01-01,15-19,7.0
W.P. Labuan,2024-01-01,20-24,36.0
W.P. Labuan,2024-01-01,25-29,89.0
W.P. Labuan,2024-01-01,30-34,93.0
W.P. Labuan,2024-01-01,35-39,56.0
W.P. Labuan,2024-01-01,40-44,13.0
W.P. Labuan,2024-01-01,45-49,1.0
W.P. Labuan,2024-01-01,tfr,1.5
W.P. Putrajaya,2010-01-01,15-19,5.0
W.P. Putrajaya,2010-01-01,20-24,42.0
W.P. Putrajaya,2010-01-01,25-29,145.0
W.P. Putrajaya,2010-01-01,30-34,159.0
W.P. Putrajaya,2010-01-01,35-39,109.0
W.P. Putrajaya,2010-01-01,40-44,19.0
W.P. Putrajaya,2010-01-01,45-49,1.0
W.P. Putrajaya,2010-01-01,tfr,2.4
W.P. Putrajaya,2011-01-01,15-19,3.0
W.P. Putrajaya,2011-01-01,20-24,43.0
W.P. Putrajaya,2011-01-01,25-29,178.0
W.P. Putrajaya,2011-01-01,30-34,168.0
W.P. Putrajaya,2011-01-01,35-39,108.0
W.P. Putrajaya,2011-01-01,40-44,29.0
W.P. Putrajaya,2011-01-01,45-49,2.0
W.P. Putrajaya,2011-01-01,tfr,2.65
W.P. Putrajaya,2012-01-01,15-19,7.0
W.P. Putrajaya,2012-01-01,20-24,52.0
W.P. Putrajaya,2012-01-01,25-29,179.0
W.P. Putrajaya,2012-01-01,30-34,185.0
W.P. Putrajaya,2012-01-01,35-39,121.0
W.P. Putrajaya,2012-01-01,40-44,28.0
W.P. Putrajaya,2012-01-01,45-49,1.0
W.P. Putrajaya,2012-01-01,tfr,2.87
W.P. Putrajaya,2013-01-01,15-19,5.0
W.P. Putrajaya,2013-01-01,20-24,34.0
W.P. Putrajaya,2013-01-01,25-29,197.0
W.P. Putrajaya,2013-01-01,30-34,160.0
W.P. Putrajaya,2013-01-01,35-39,98.0
W.P. Putrajaya,2013-01-01,40-44,33.0
W.P. Putrajaya,2013-01-01,45-49,2.0
W.P. Putrajaya,2013-01-01,tfr,2.64
W.P. Putrajaya,2014-01-01,15-19,2.0
W.P. Putrajaya,2014-01-01,20-24,38.0
W.P. Putrajaya,2014-01-01,25-29,212.0
W.P. Putrajaya,2014-01-01,30-34,168.0
W.P. Putrajaya,2014-01-01,35-39,115.0
W.P. Putrajaya,2014-01-01,40-44,30.0
W.P. Putrajaya,2014-01-01,45-49,4.0
W.P. Putrajaya,2014-01-01,tfr,2.85
W.P. Putrajaya,2015-01-01,15-19,4.0
W.P. Putrajaya,2015-01-01,20-24,41.0
W.P. Putrajaya,2015-01-01,25-29,192.0
W.P. Putrajaya,2015-01-01,30-34,168.0
W.P. Putrajaya,2015-01-01,35-39,107.0
W.P. Putrajaya,2015-01-01,40-44,32.0
W.P. Putrajaya,2015-01-01,45-49,1.0
W.P. Putrajaya,2015-01-01,tfr,2.72
W.P. Putrajaya,2016-01-01,15-19,1.0
W.P. Putrajaya,2016-01-01,20-24,44.0
W.P. Putrajaya,2016-01-01,25-29,165.0
W.P. Putrajaya,2016-01-01,30-34,163.0
W.P. Putrajaya,2016-01-01,35-39,107.0
W.P. Putrajaya,2016-01-01,40-44,31.0
W.P. Putrajaya,2016-01-01,45-49,2.0
W.P. Putrajaya,2016-01-01,tfr,2.56
W.P. Putrajaya,2017-01-01,15-19,3.0
W.P. Putrajaya,2017-01-01,20-24,39.0
W.P. Putrajaya,2017-01-01,25-29,168.0
W.P. Putrajaya,2017-01-01,30-34,169.0
W.P. Putrajaya,2017-01-01,35-39,101.0
W.P. Putrajaya,2017-01-01,40-44,31.0
W.P. Putrajaya,2017-01-01,45-49,1.0
W.P. Putrajaya,2017-01-01,tfr,2.56
W.P. Putrajaya,2018-01-01,15-19,2.29
W.P. Putrajaya,2018-01-01,20-24,15.42
W.P. Putrajaya,2018-01-01,25-29,228.54
W.P. Putrajaya,2018-01-01,30-34,150.73
W.P. Putrajaya,2018-01-01,35-39,91.62
W.P. Putrajaya,2018-01-01,40-44,37.89
W.P. Putrajaya,2018-01-01,45-49,0.0
W.P. Putrajaya,2018-01-01,tfr,2.63
W.P. Putrajaya,2019-01-01,15-19,1.86
W.P. Putrajaya,2019-01-01,20-24,16.33
W.P. Putrajaya,2019-01-01,25-29,373.66
W.P. Putrajaya,2019-01-01,30-34,144.37
W.P. Putrajaya,2019-01-01,35-39,88.08
W.P. Putrajaya,2019-01-01,40-44,26.44
W.P. Putrajaya,2019-01-01,45-49,0.45
W.P. Putrajaya,2019-01-01,tfr,3.26
W.P. Putrajaya,2020-01-01,15-19,1.5
W.P. Putrajaya,2020-01-01,20-24,9.34
W.P. Putrajaya,2020-01-01,25-29,297.51
W.P. Putrajaya,2020-01-01,30-34,132.14
W.P. Putrajaya,2020-01-01,35-39,84.17
W.P. Putrajaya,2020-01-01,40-44,29.14
W.P. Putrajaya,2020-01-01,45-49,1.91
W.P. Putrajaya,2020-01-01,tfr,2.78
W.P. Putrajaya,2021-01-01,15-19,0.29
W.P. Putrajaya,2021-01-01,20-24,25.46
W.P. Putrajaya,2021-01-01,25-29,113.04
W.P. Putrajaya,2021-01-01,30-34,121.23
W.P. Putrajaya,2021-01-01,35-39,80.97
W.P. Putrajaya,2021-01-01,40-44,28.49
W.P. Putrajaya,2021-01-01,45-49,1.57
W.P. Putrajaya,2021-01-01,tfr,1.86
W.P. Putrajaya,2022-01-01,15-19,1.0
W.P. Putrajaya,2022-01-01,20-24,18.0
W.P. Putrajaya,2022-01-01,25-29,121.0
W.P. Putrajaya,2022-01-01,30-34,117.0
W.P. Putrajaya,2022-01-01,35-39,70.0
W.P. Putrajaya,2022-01-01,40-44,24.0
W.P. Putrajaya,2022-01-01,45-49,2.0
W.P. Putrajaya,2022-01-01,tfr,1.76
W.P. Putrajaya,2023-01-01,15-19,1.0
W.P. Putrajaya,2023-01-01,20-24,20.0
W.P. Putrajaya,2023-01-01,25-29,125.0
W.P. Putrajaya,2023-01-01,30-34,120.0
W.P. Putrajaya,2023-01-01,35-39,66.0
W.P. Putrajaya,2023-01-01,40-44,25.0
W.P. Putrajaya,2023-01-01,45-49,1.0
W.P. Putrajaya,2023-01-01,tfr,1.79
W.P. Putrajaya,2024-01-01,15-19,1.0
W.P. Putrajaya,2024-01-01,20-24,16.0
W.P. Putrajaya,2024-01-01,25-29,145.0
W.P. Putrajaya,2024-01-01,30-34,121.0
W.P. Putrajaya,2024-01-01,35-39,61.0
W.P. Putrajaya,2024-01-01,40-44,20.0
W.P. Putrajaya,2024-01-01,45-49,1.0
W.P. Putrajaya,2024-01-01,tfr,1.8
