date,type,staff,state
2014-01-01,all,121530,Malaysia
2015-01-01,all,132082,Malaysia
2016-01-01,all,137743,Malaysia
2017-01-01,all,143596,Malaysia
2018-01-01,all,147674,Malaysia
2019-01-01,all,154177,Malaysia
2020-01-01,all,156639,Malaysia
2021-01-01,all,162634,Malaysia
2022-01-01,all,167690,Malaysia
2014-01-01,dentist,3763,Malaysia
2015-01-01,dentist,4021,Malaysia
2016-01-01,dentist,4591,Malaysia
2017-01-01,dentist,5736,Malaysia
2018-01-01,dentist,6455,Malaysia
2019-01-01,dentist,7087,Malaysia
2020-01-01,dentist,7443,Malaysia
2021-01-01,dentist,7785,Malaysia
2022-01-01,dentist,7828,Malaysia
2014-01-01,doctor,33275,Malaysia
2015-01-01,doctor,33545,Malaysia
2016-01-01,doctor,36403,Malaysia
2017-01-01,doctor,43348,Malaysia
2018-01-01,doctor,46509,Malaysia
2019-01-01,doctor,52129,Malaysia
2020-01-01,doctor,54338,Malaysia
2021-01-01,doctor,55918,Malaysia
2022-01-01,doctor,58193,Malaysia
2014-01-01,nurse,59364,Malaysia
2015-01-01,nurse,69590,Malaysia
2016-01-01,nurse,72025,Malaysia
2017-01-01,nurse,70888,Malaysia
2018-01-01,nurse,71499,Malaysia
2019-01-01,nurse,71778,Malaysia
2020-01-01,nurse,72826,Malaysia
2021-01-01,nurse,78426,Malaysia
2022-01-01,nurse,79397,Malaysia
2014-01-01,nurse_community,25128,Malaysia
2015-01-01,nurse_community,24926,Malaysia
2016-01-01,nurse_community,24724,Malaysia
2017-01-01,nurse_community,23624,Malaysia
2018-01-01,nurse_community,23211,Malaysia
2019-01-01,nurse_community,23183,Malaysia
2020-01-01,nurse_community,22032,Malaysia
2021-01-01,nurse_community,20505,Malaysia
2022-01-01,nurse_community,22272,Malaysia
2014-01-01,all,11114,Johor
2015-01-01,all,11721,Johor
2016-01-01,all,11987,Johor
2017-01-01,all,12506,Johor
2018-01-01,all,12764,Johor
2019-01-01,all,13553,Johor
2020-01-01,all,12294,Johor
2021-01-01,all,14586,Johor
2022-01-01,all,14634,Johor
2014-01-01,dentist,321,Johor
2015-01-01,dentist,331,Johor
2016-01-01,dentist,384,Johor
2017-01-01,dentist,546,Johor
2018-01-01,dentist,613,Johor
2019-01-01,dentist,656,Johor
2020-01-01,dentist,677,Johor
2021-01-01,dentist,701,Johor
2022-01-01,dentist,686,Johor
2014-01-01,doctor,2720,Johor
2015-01-01,doctor,2854,Johor
2016-01-01,doctor,2887,Johor
2017-01-01,doctor,3235,Johor
2018-01-01,doctor,3541,Johor
2019-01-01,doctor,4154,Johor
2020-01-01,doctor,4925,Johor
2021-01-01,doctor,4967,Johor
2022-01-01,doctor,5023,Johor
2014-01-01,nurse,5980,Johor
2015-01-01,nurse,6441,Johor
2016-01-01,nurse,6688,Johor
2017-01-01,nurse,6769,Johor
2018-01-01,nurse,6677,Johor
2019-01-01,nurse,6814,Johor
2020-01-01,nurse,4830,Johor
2021-01-01,nurse,7146,Johor
2022-01-01,nurse,7055,Johor
2014-01-01,nurse_community,2093,Johor
2015-01-01,nurse_community,2095,Johor
2016-01-01,nurse_community,2028,Johor
2017-01-01,nurse_community,1956,Johor
2018-01-01,nurse_community,1933,Johor
2019-01-01,nurse_community,1929,Johor
2020-01-01,nurse_community,1862,Johor
2021-01-01,nurse_community,1772,Johor
2022-01-01,nurse_community,1870,Johor
2014-01-01,all,8018,Kedah
2015-01-01,all,8540,Kedah
2016-01-01,all,8762,Kedah
2017-01-01,all,8985,Kedah
2018-01-01,all,9229,Kedah
2019-01-01,all,9666,Kedah
2020-01-01,all,10652,Kedah
2021-01-01,all,10486,Kedah
2022-01-01,all,10372,Kedah
2014-01-01,dentist,250,Kedah
2015-01-01,dentist,263,Kedah
2016-01-01,dentist,292,Kedah
2017-01-01,dentist,365,Kedah
2018-01-01,dentist,399,Kedah
2019-01-01,dentist,433,Kedah
2020-01-01,dentist,447,Kedah
2021-01-01,dentist,497,Kedah
2022-01-01,dentist,507,Kedah
2014-01-01,doctor,1895,Kedah
2015-01-01,doctor,2036,Kedah
2016-01-01,doctor,2166,Kedah
2017-01-01,doctor,2292,Kedah
2018-01-01,doctor,2558,Kedah
2019-01-01,doctor,2919,Kedah
2020-01-01,doctor,3380,Kedah
2021-01-01,doctor,3404,Kedah
2022-01-01,doctor,3179,Kedah
2014-01-01,nurse,4169,Kedah
2015-01-01,nurse,4542,Kedah
2016-01-01,nurse,4613,Kedah
2017-01-01,nurse,4669,Kedah
2018-01-01,nurse,4618,Kedah
2019-01-01,nurse,4640,Kedah
2020-01-01,nurse,5151,Kedah
2021-01-01,nurse,5015,Kedah
2022-01-01,nurse,4981,Kedah
2014-01-01,nurse_community,1704,Kedah
2015-01-01,nurse_community,1699,Kedah
2016-01-01,nurse_community,1691,Kedah
2017-01-01,nurse_community,1659,Kedah
2018-01-01,nurse_community,1654,Kedah
2019-01-01,nurse_community,1674,Kedah
2020-01-01,nurse_community,1674,Kedah
2021-01-01,nurse_community,1570,Kedah
2022-01-01,nurse_community,1705,Kedah
2014-01-01,all,6791,Kelantan
2015-01-01,all,8505,Kelantan
2016-01-01,all,8683,Kelantan
2017-01-01,all,8990,Kelantan
2018-01-01,all,9084,Kelantan
2019-01-01,all,8683,Kelantan
2020-01-01,all,7719,Kelantan
2021-01-01,all,11589,Kelantan
2022-01-01,all,12097,Kelantan
2014-01-01,dentist,300,Kelantan
2015-01-01,dentist,346,Kelantan
2016-01-01,dentist,403,Kelantan
2017-01-01,dentist,473,Kelantan
2018-01-01,dentist,542,Kelantan
2019-01-01,dentist,632,Kelantan
2020-01-01,dentist,663,Kelantan
2021-01-01,dentist,684,Kelantan
2022-01-01,dentist,664,Kelantan
2014-01-01,doctor,1580,Kelantan
2015-01-01,doctor,1658,Kelantan
2016-01-01,doctor,1732,Kelantan
2017-01-01,doctor,1945,Kelantan
2018-01-01,doctor,2144,Kelantan
2019-01-01,doctor,2763,Kelantan
2020-01-01,doctor,3076,Kelantan
2021-01-01,doctor,4006,Kelantan
2022-01-01,doctor,4056,Kelantan
2014-01-01,nurse,3235,Kelantan
2015-01-01,nurse,4818,Kelantan
2016-01-01,nurse,4861,Kelantan
2017-01-01,nurse,4901,Kelantan
2018-01-01,nurse,4726,Kelantan
2019-01-01,nurse,3606,Kelantan
2020-01-01,nurse,2403,Kelantan
2021-01-01,nurse,5323,Kelantan
2022-01-01,nurse,5688,Kelantan
2014-01-01,nurse_community,1676,Kelantan
2015-01-01,nurse_community,1683,Kelantan
2016-01-01,nurse_community,1687,Kelantan
2017-01-01,nurse_community,1671,Kelantan
2018-01-01,nurse_community,1672,Kelantan
2019-01-01,nurse_community,1682,Kelantan
2020-01-01,nurse_community,1577,Kelantan
2021-01-01,nurse_community,1576,Kelantan
2022-01-01,nurse_community,1689,Kelantan
2014-01-01,all,3829,Melaka
2015-01-01,all,4056,Melaka
2016-01-01,all,4342,Melaka
2017-01-01,all,4503,Melaka
2018-01-01,all,4480,Melaka
2019-01-01,all,4947,Melaka
2020-01-01,all,5286,Melaka
2021-01-01,all,5463,Melaka
2022-01-01,all,5624,Melaka
2014-01-01,dentist,135,Melaka
2015-01-01,dentist,136,Melaka
2016-01-01,dentist,173,Melaka
2017-01-01,dentist,265,Melaka
2018-01-01,dentist,301,Melaka
2019-01-01,dentist,328,Melaka
2020-01-01,dentist,323,Melaka
2021-01-01,dentist,339,Melaka
2022-01-01,dentist,369,Melaka
2014-01-01,doctor,1092,Melaka
2015-01-01,doctor,1112,Melaka
2016-01-01,doctor,1175,Melaka
2017-01-01,doctor,1383,Melaka
2018-01-01,doctor,1354,Melaka
2019-01-01,doctor,1636,Melaka
2020-01-01,doctor,1290,Melaka
2021-01-01,doctor,2011,Melaka
2022-01-01,doctor,2121,Melaka
2014-01-01,nurse,1860,Melaka
2015-01-01,nurse,2072,Melaka
2016-01-01,nurse,2252,Melaka
2017-01-01,nurse,2148,Melaka
2018-01-01,nurse,2124,Melaka
2019-01-01,nurse,2264,Melaka
2020-01-01,nurse,2966,Melaka
2021-01-01,nurse,2460,Melaka
2022-01-01,nurse,2426,Melaka
2014-01-01,nurse_community,742,Melaka
2015-01-01,nurse_community,736,Melaka
2016-01-01,nurse_community,742,Melaka
2017-01-01,nurse_community,707,Melaka
2018-01-01,nurse_community,701,Melaka
2019-01-01,nurse_community,719,Melaka
2020-01-01,nurse_community,707,Melaka
2021-01-01,nurse_community,653,Melaka
2022-01-01,nurse_community,708,Melaka
2014-01-01,all,5002,Negeri Sembilan
2015-01-01,all,5132,Negeri Sembilan
2016-01-01,all,5329,Negeri Sembilan
2017-01-01,all,5779,Negeri Sembilan
2018-01-01,all,6157,Negeri Sembilan
2019-01-01,all,6479,Negeri Sembilan
2020-01-01,all,8023,Negeri Sembilan
2021-01-01,all,7030,Negeri Sembilan
2022-01-01,all,7248,Negeri Sembilan
2014-01-01,dentist,203,Negeri Sembilan
2015-01-01,dentist,223,Negeri Sembilan
2016-01-01,dentist,209,Negeri Sembilan
2017-01-01,dentist,285,Negeri Sembilan
2018-01-01,dentist,359,Negeri Sembilan
2019-01-01,dentist,417,Negeri Sembilan
2020-01-01,dentist,463,Negeri Sembilan
2021-01-01,dentist,476,Negeri Sembilan
2022-01-01,dentist,463,Negeri Sembilan
2014-01-01,doctor,1504,Negeri Sembilan
2015-01-01,doctor,1502,Negeri Sembilan
2016-01-01,doctor,1619,Negeri Sembilan
2017-01-01,doctor,1946,Negeri Sembilan
2018-01-01,doctor,2335,Negeri Sembilan
2019-01-01,doctor,2444,Negeri Sembilan
2020-01-01,doctor,2595,Negeri Sembilan
2021-01-01,doctor,2698,Negeri Sembilan
2022-01-01,doctor,2876,Negeri Sembilan
2014-01-01,nurse,2352,Negeri Sembilan
2015-01-01,nurse,2479,Negeri Sembilan
2016-01-01,nurse,2585,Negeri Sembilan
2017-01-01,nurse,2631,Negeri Sembilan
2018-01-01,nurse,2591,Negeri Sembilan
2019-01-01,nurse,2736,Negeri Sembilan
2020-01-01,nurse,4123,Negeri Sembilan
2021-01-01,nurse,3050,Negeri Sembilan
2022-01-01,nurse,3037,Negeri Sembilan
2014-01-01,nurse_community,943,Negeri Sembilan
2015-01-01,nurse_community,928,Negeri Sembilan
2016-01-01,nurse_community,916,Negeri Sembilan
2017-01-01,nurse_community,917,Negeri Sembilan
2018-01-01,nurse_community,872,Negeri Sembilan
2019-01-01,nurse_community,882,Negeri Sembilan
2020-01-01,nurse_community,842,Negeri Sembilan
2021-01-01,nurse_community,806,Negeri Sembilan
2022-01-01,nurse_community,872,Negeri Sembilan
2014-01-01,all,7356,Pahang
2015-01-01,all,7655,Pahang
2016-01-01,all,7925,Pahang
2017-01-01,all,8026,Pahang
2018-01-01,all,8347,Pahang
2019-01-01,all,9050,Pahang
2020-01-01,all,9042,Pahang
2021-01-01,all,9427,Pahang
2022-01-01,all,9586,Pahang
2014-01-01,dentist,289,Pahang
2015-01-01,dentist,351,Pahang
2016-01-01,dentist,419,Pahang
2017-01-01,dentist,448,Pahang
2018-01-01,dentist,487,Pahang
2019-01-01,dentist,551,Pahang
2020-01-01,dentist,573,Pahang
2021-01-01,dentist,630,Pahang
2022-01-01,dentist,624,Pahang
2014-01-01,doctor,1636,Pahang
2015-01-01,doctor,1630,Pahang
2016-01-01,doctor,1691,Pahang
2017-01-01,doctor,1818,Pahang
2018-01-01,doctor,2159,Pahang
2019-01-01,doctor,2790,Pahang
2020-01-01,doctor,3132,Pahang
2021-01-01,doctor,2967,Pahang
2022-01-01,doctor,2927,Pahang
2014-01-01,nurse,3609,Pahang
2015-01-01,nurse,3857,Pahang
2016-01-01,nurse,4015,Pahang
2017-01-01,nurse,4059,Pahang
2018-01-01,nurse,3997,Pahang
2019-01-01,nurse,4019,Pahang
2020-01-01,nurse,3660,Pahang
2021-01-01,nurse,4260,Pahang
2022-01-01,nurse,4336,Pahang
2014-01-01,nurse_community,1822,Pahang
2015-01-01,nurse_community,1817,Pahang
2016-01-01,nurse_community,1800,Pahang
2017-01-01,nurse_community,1701,Pahang
2018-01-01,nurse_community,1704,Pahang
2019-01-01,nurse_community,1690,Pahang
2020-01-01,nurse_community,1677,Pahang
2021-01-01,nurse_community,1570,Pahang
2022-01-01,nurse_community,1699,Pahang
2014-01-01,all,10103,Perak
2015-01-01,all,10569,Perak
2016-01-01,all,10867,Perak
2017-01-01,all,11259,Perak
2018-01-01,all,11422,Perak
2019-01-01,all,11995,Perak
2020-01-01,all,6566,Perak
2021-01-01,all,13130,Perak
2022-01-01,all,13561,Perak
2014-01-01,dentist,285,Perak
2015-01-01,dentist,278,Perak
2016-01-01,dentist,318,Perak
2017-01-01,dentist,420,Perak
2018-01-01,dentist,458,Perak
2019-01-01,dentist,521,Perak
2020-01-01,dentist,548,Perak
2021-01-01,dentist,564,Perak
2022-01-01,dentist,599,Perak
2014-01-01,doctor,2373,Perak
2015-01-01,doctor,2378,Perak
2016-01-01,doctor,2544,Perak
2017-01-01,doctor,2884,Perak
2018-01-01,doctor,3146,Perak
2019-01-01,doctor,3578,Perak
2020-01-01,doctor,3130,Perak
2021-01-01,doctor,4063,Perak
2022-01-01,doctor,4214,Perak
2014-01-01,nurse,5278,Perak
2015-01-01,nurse,5764,Perak
2016-01-01,nurse,5872,Perak
2017-01-01,nurse,5919,Perak
2018-01-01,nurse,5826,Perak
2019-01-01,nurse,5903,Perak
2020-01-01,nurse,981,Perak
2021-01-01,nurse,6685,Perak
2022-01-01,nurse,6782,Perak
2014-01-01,nurse_community,2167,Perak
2015-01-01,nurse_community,2149,Perak
2016-01-01,nurse_community,2133,Perak
2017-01-01,nurse_community,2036,Perak
2018-01-01,nurse_community,1992,Perak
2019-01-01,nurse_community,1993,Perak
2020-01-01,nurse_community,1907,Perak
2021-01-01,nurse_community,1818,Perak
2022-01-01,nurse_community,1966,Perak
2014-01-01,all,1581,Perlis
2015-01-01,all,1721,Perlis
2016-01-01,all,1840,Perlis
2017-01-01,all,1882,Perlis
2018-01-01,all,1914,Perlis
2019-01-01,all,1994,Perlis
2020-01-01,all,10665,Perlis
2021-01-01,all,2100,Perlis
2022-01-01,all,2116,Perlis
2014-01-01,dentist,67,Perlis
2015-01-01,dentist,71,Perlis
2016-01-01,dentist,89,Perlis
2017-01-01,dentist,109,Perlis
2018-01-01,dentist,135,Perlis
2019-01-01,dentist,148,Perlis
2020-01-01,dentist,134,Perlis
2021-01-01,dentist,145,Perlis
2022-01-01,dentist,141,Perlis
2014-01-01,doctor,419,Perlis
2015-01-01,doctor,434,Perlis
2016-01-01,doctor,483,Perlis
2017-01-01,doctor,525,Perlis
2018-01-01,doctor,543,Perlis
2019-01-01,doctor,599,Perlis
2020-01-01,doctor,749,Perlis
2021-01-01,doctor,644,Perlis
2022-01-01,doctor,654,Perlis
2014-01-01,nurse,746,Perlis
2015-01-01,nurse,870,Perlis
2016-01-01,nurse,923,Perlis
2017-01-01,nurse,913,Perlis
2018-01-01,nurse,906,Perlis
2019-01-01,nurse,914,Perlis
2020-01-01,nurse,9465,Perlis
2021-01-01,nurse,1013,Perlis
2022-01-01,nurse,998,Perlis
2014-01-01,nurse_community,349,Perlis
2015-01-01,nurse_community,346,Perlis
2016-01-01,nurse_community,345,Perlis
2017-01-01,nurse_community,335,Perlis
2018-01-01,nurse_community,330,Perlis
2019-01-01,nurse_community,333,Perlis
2020-01-01,nurse_community,317,Perlis
2021-01-01,nurse_community,298,Perlis
2022-01-01,nurse_community,323,Perlis
2014-01-01,all,6427,Pulau Pinang
2015-01-01,all,6505,Pulau Pinang
2016-01-01,all,6769,Pulau Pinang
2017-01-01,all,7506,Pulau Pinang
2018-01-01,all,7651,Pulau Pinang
2019-01-01,all,7511,Pulau Pinang
2020-01-01,all,10600,Pulau Pinang
2021-01-01,all,8137,Pulau Pinang
2022-01-01,all,8192,Pulau Pinang
2014-01-01,dentist,228,Pulau Pinang
2015-01-01,dentist,239,Pulau Pinang
2016-01-01,dentist,276,Pulau Pinang
2017-01-01,dentist,357,Pulau Pinang
2018-01-01,dentist,420,Pulau Pinang
2019-01-01,dentist,421,Pulau Pinang
2020-01-01,dentist,437,Pulau Pinang
2021-01-01,dentist,438,Pulau Pinang
2022-01-01,dentist,431,Pulau Pinang
2014-01-01,doctor,2178,Pulau Pinang
2015-01-01,doctor,1831,Pulau Pinang
2016-01-01,doctor,1939,Pulau Pinang
2017-01-01,doctor,2581,Pulau Pinang
2018-01-01,doctor,2741,Pulau Pinang
2019-01-01,doctor,2543,Pulau Pinang
2020-01-01,doctor,3158,Pulau Pinang
2021-01-01,doctor,3024,Pulau Pinang
2022-01-01,doctor,2996,Pulau Pinang
2014-01-01,nurse,2993,Pulau Pinang
2015-01-01,nurse,3393,Pulau Pinang
2016-01-01,nurse,3542,Pulau Pinang
2017-01-01,nurse,3593,Pulau Pinang
2018-01-01,nurse,3531,Pulau Pinang
2019-01-01,nurse,3599,Pulau Pinang
2020-01-01,nurse,6081,Pulau Pinang
2021-01-01,nurse,3816,Pulau Pinang
2022-01-01,nurse,3846,Pulau Pinang
2014-01-01,nurse_community,1028,Pulau Pinang
2015-01-01,nurse_community,1042,Pulau Pinang
2016-01-01,nurse_community,1012,Pulau Pinang
2017-01-01,nurse_community,975,Pulau Pinang
2018-01-01,nurse_community,959,Pulau Pinang
2019-01-01,nurse_community,948,Pulau Pinang
2020-01-01,nurse_community,924,Pulau Pinang
2021-01-01,nurse_community,859,Pulau Pinang
2022-01-01,nurse_community,919,Pulau Pinang
2014-01-01,all,12817,Sabah
2015-01-01,all,13772,Sabah
2016-01-01,all,14084,Sabah
2017-01-01,all,14368,Sabah
2018-01-01,all,15072,Sabah
2019-01-01,all,15432,Sabah
2020-01-01,all,13669,Sabah
2021-01-01,all,16125,Sabah
2022-01-01,all,16345,Sabah
2014-01-01,dentist,244,Sabah
2015-01-01,dentist,280,Sabah
2016-01-01,dentist,308,Sabah
2017-01-01,dentist,309,Sabah
2018-01-01,dentist,327,Sabah
2019-01-01,dentist,375,Sabah
2020-01-01,dentist,401,Sabah
2021-01-01,dentist,453,Sabah
2022-01-01,dentist,426,Sabah
2014-01-01,doctor,2112,Sabah
2015-01-01,doctor,2558,Sabah
2016-01-01,doctor,2685,Sabah
2017-01-01,doctor,3205,Sabah
2018-01-01,doctor,4006,Sabah
2019-01-01,doctor,4212,Sabah
2020-01-01,doctor,3916,Sabah
2021-01-01,doctor,4317,Sabah
2022-01-01,doctor,4193,Sabah
2014-01-01,nurse,6547,Sabah
2015-01-01,nurse,7012,Sabah
2016-01-01,nurse,7217,Sabah
2017-01-01,nurse,7187,Sabah
2018-01-01,nurse,7115,Sabah
2019-01-01,nurse,7192,Sabah
2020-01-01,nurse,5888,Sabah
2021-01-01,nurse,8212,Sabah
2022-01-01,nurse,8151,Sabah
2014-01-01,nurse_community,3914,Sabah
2015-01-01,nurse_community,3922,Sabah
2016-01-01,nurse_community,3874,Sabah
2017-01-01,nurse_community,3667,Sabah
2018-01-01,nurse_community,3624,Sabah
2019-01-01,nurse_community,3653,Sabah
2020-01-01,nurse_community,3464,Sabah
2021-01-01,nurse_community,3143,Sabah
2022-01-01,nurse_community,3575,Sabah
2014-01-01,all,10921,Sarawak
2015-01-01,all,11090,Sarawak
2016-01-01,all,12152,Sarawak
2017-01-01,all,13190,Sarawak
2018-01-01,all,12446,Sarawak
2019-01-01,all,12373,Sarawak
2020-01-01,all,15138,Sarawak
2021-01-01,all,12725,Sarawak
2022-01-01,all,13374,Sarawak
2014-01-01,dentist,302,Sarawak
2015-01-01,dentist,309,Sarawak
2016-01-01,dentist,359,Sarawak
2017-01-01,dentist,404,Sarawak
2018-01-01,dentist,407,Sarawak
2019-01-01,dentist,421,Sarawak
2020-01-01,dentist,439,Sarawak
2021-01-01,dentist,450,Sarawak
2022-01-01,dentist,441,Sarawak
2014-01-01,doctor,2250,Sarawak
2015-01-01,doctor,2203,Sarawak
2016-01-01,doctor,3061,Sarawak
2017-01-01,doctor,4179,Sarawak
2018-01-01,doctor,3672,Sarawak
2019-01-01,doctor,3567,Sarawak
2020-01-01,doctor,4137,Sarawak
2021-01-01,doctor,3656,Sarawak
2022-01-01,doctor,4005,Sarawak
2014-01-01,nurse,5216,Sarawak
2015-01-01,nurse,5584,Sarawak
2016-01-01,nurse,5705,Sarawak
2017-01-01,nurse,5782,Sarawak
2018-01-01,nurse,5740,Sarawak
2019-01-01,nurse,5805,Sarawak
2020-01-01,nurse,8163,Sarawak
2021-01-01,nurse,6606,Sarawak
2022-01-01,nurse,6645,Sarawak
2014-01-01,nurse_community,3153,Sarawak
2015-01-01,nurse_community,2994,Sarawak
2016-01-01,nurse_community,3027,Sarawak
2017-01-01,nurse_community,2825,Sarawak
2018-01-01,nurse_community,2627,Sarawak
2019-01-01,nurse_community,2580,Sarawak
2020-01-01,nurse_community,2399,Sarawak
2021-01-01,nurse_community,2013,Sarawak
2022-01-01,nurse_community,2283,Sarawak
2014-01-01,all,15450,Selangor
2015-01-01,all,16474,Selangor
2016-01-01,all,17510,Selangor
2017-01-01,all,19883,Selangor
2018-01-01,all,20882,Selangor
2019-01-01,all,20624,Selangor
2020-01-01,all,16461,Selangor
2021-01-01,all,23001,Selangor
2022-01-01,all,24009,Selangor
2014-01-01,dentist,360,Selangor
2015-01-01,dentist,401,Selangor
2016-01-01,dentist,469,Selangor
2017-01-01,dentist,660,Selangor
2018-01-01,dentist,776,Selangor
2019-01-01,dentist,839,Selangor
2020-01-01,dentist,911,Selangor
2021-01-01,dentist,940,Selangor
2022-01-01,dentist,941,Selangor
2014-01-01,doctor,5040,Selangor
2015-01-01,doctor,5175,Selangor
2016-01-01,doctor,5646,Selangor
2017-01-01,doctor,7587,Selangor
2018-01-01,doctor,7881,Selangor
2019-01-01,doctor,8119,Selangor
2020-01-01,doctor,10063,Selangor
2021-01-01,doctor,9700,Selangor
2022-01-01,doctor,10374,Selangor
2014-01-01,nurse,7327,Selangor
2015-01-01,nurse,8183,Selangor
2016-01-01,nurse,8739,Selangor
2017-01-01,nurse,9086,Selangor
2018-01-01,nurse,9698,Selangor
2019-01-01,nurse,9200,Selangor
2020-01-01,nurse,3093,Selangor
2021-01-01,nurse,10116,Selangor
2022-01-01,nurse,10376,Selangor
2014-01-01,nurse_community,2723,Selangor
2015-01-01,nurse_community,2715,Selangor
2016-01-01,nurse_community,2656,Selangor
2017-01-01,nurse_community,2550,Selangor
2018-01-01,nurse_community,2527,Selangor
2019-01-01,nurse_community,2466,Selangor
2020-01-01,nurse_community,2394,Selangor
2021-01-01,nurse_community,2245,Selangor
2022-01-01,nurse_community,2318,Selangor
2014-01-01,all,5510,Terengganu
2015-01-01,all,5719,Terengganu
2016-01-01,all,5964,Terengganu
2017-01-01,all,6431,Terengganu
2018-01-01,all,6582,Terengganu
2019-01-01,all,6826,Terengganu
2020-01-01,all,11544,Terengganu
2021-01-01,all,7140,Terengganu
2022-01-01,all,7438,Terengganu
2014-01-01,dentist,232,Terengganu
2015-01-01,dentist,261,Terengganu
2016-01-01,dentist,303,Terengganu
2017-01-01,dentist,370,Terengganu
2018-01-01,dentist,448,Terengganu
2019-01-01,dentist,493,Terengganu
2020-01-01,dentist,521,Terengganu
2021-01-01,dentist,550,Terengganu
2022-01-01,dentist,524,Terengganu
2014-01-01,doctor,1278,Terengganu
2015-01-01,doctor,1262,Terengganu
2016-01-01,doctor,1399,Terengganu
2017-01-01,doctor,1691,Terengganu
2018-01-01,doctor,1805,Terengganu
2019-01-01,doctor,1992,Terengganu
2020-01-01,doctor,2245,Terengganu
2021-01-01,doctor,2043,Terengganu
2022-01-01,doctor,2119,Terengganu
2014-01-01,nurse,2582,Terengganu
2015-01-01,nurse,2772,Terengganu
2016-01-01,nurse,2855,Terengganu
2017-01-01,nurse,2949,Terengganu
2018-01-01,nurse,2908,Terengganu
2019-01-01,nurse,2918,Terengganu
2020-01-01,nurse,7424,Terengganu
2021-01-01,nurse,3197,Terengganu
2022-01-01,nurse,3370,Terengganu
2014-01-01,nurse_community,1418,Terengganu
2015-01-01,nurse_community,1424,Terengganu
2016-01-01,nurse_community,1407,Terengganu
2017-01-01,nurse_community,1421,Terengganu
2018-01-01,nurse_community,1421,Terengganu
2019-01-01,nurse_community,1423,Terengganu
2020-01-01,nurse_community,1354,Terengganu
2021-01-01,nurse_community,1350,Terengganu
2022-01-01,nurse_community,1425,Terengganu
2014-01-01,all,8394,W.P. Kuala Lumpur
2015-01-01,all,12278,W.P. Kuala Lumpur
2016-01-01,all,13140,W.P. Kuala Lumpur
2017-01-01,all,12702,W.P. Kuala Lumpur
2018-01-01,all,15492,W.P. Kuala Lumpur
2019-01-01,all,17299,W.P. Kuala Lumpur
2020-01-01,all,15374,W.P. Kuala Lumpur
2021-01-01,all,18045,W.P. Kuala Lumpur
2022-01-01,all,18941,W.P. Kuala Lumpur
2014-01-01,dentist,482,W.P. Kuala Lumpur
2015-01-01,dentist,453,W.P. Kuala Lumpur
2016-01-01,dentist,497,W.P. Kuala Lumpur
2017-01-01,dentist,605,W.P. Kuala Lumpur
2018-01-01,dentist,650,W.P. Kuala Lumpur
2019-01-01,dentist,708,W.P. Kuala Lumpur
2020-01-01,dentist,754,W.P. Kuala Lumpur
2021-01-01,dentist,772,W.P. Kuala Lumpur
2022-01-01,dentist,854,W.P. Kuala Lumpur
2014-01-01,doctor,2772,W.P. Kuala Lumpur
2015-01-01,doctor,2480,W.P. Kuala Lumpur
2016-01-01,doctor,2870,W.P. Kuala Lumpur
2017-01-01,doctor,3745,W.P. Kuala Lumpur
2018-01-01,doctor,4738,W.P. Kuala Lumpur
2019-01-01,doctor,5593,W.P. Kuala Lumpur
2020-01-01,doctor,7054,W.P. Kuala Lumpur
2021-01-01,doctor,6967,W.P. Kuala Lumpur
2022-01-01,doctor,7331,W.P. Kuala Lumpur
2014-01-01,nurse,4392,W.P. Kuala Lumpur
2015-01-01,nurse,8621,W.P. Kuala Lumpur
2016-01-01,nurse,9052,W.P. Kuala Lumpur
2017-01-01,nurse,7740,W.P. Kuala Lumpur
2018-01-01,nurse,9261,W.P. Kuala Lumpur
2019-01-01,nurse,10261,W.P. Kuala Lumpur
2020-01-01,nurse,6959,W.P. Kuala Lumpur
2021-01-01,nurse,9772,W.P. Kuala Lumpur
2022-01-01,nurse,10170,W.P. Kuala Lumpur
2014-01-01,nurse_community,748,W.P. Kuala Lumpur
2015-01-01,nurse_community,724,W.P. Kuala Lumpur
2016-01-01,nurse_community,721,W.P. Kuala Lumpur
2017-01-01,nurse_community,612,W.P. Kuala Lumpur
2018-01-01,nurse_community,843,W.P. Kuala Lumpur
2019-01-01,nurse_community,737,W.P. Kuala Lumpur
2020-01-01,nurse_community,607,W.P. Kuala Lumpur
2021-01-01,nurse_community,534,W.P. Kuala Lumpur
2022-01-01,nurse_community,586,W.P. Kuala Lumpur
2014-01-01,all,381,W.P. Labuan
2015-01-01,all,409,W.P. Labuan
2016-01-01,all,414,W.P. Labuan
2017-01-01,all,434,W.P. Labuan
2018-01-01,all,475,W.P. Labuan
2019-01-01,all,497,W.P. Labuan
2020-01-01,all,463,W.P. Labuan
2021-01-01,all,521,W.P. Labuan
2022-01-01,all,601,W.P. Labuan
2014-01-01,dentist,6,W.P. Labuan
2015-01-01,dentist,10,W.P. Labuan
2016-01-01,dentist,17,W.P. Labuan
2017-01-01,dentist,22,W.P. Labuan
2018-01-01,dentist,23,W.P. Labuan
2019-01-01,dentist,35,W.P. Labuan
2020-01-01,dentist,29,W.P. Labuan
2021-01-01,dentist,31,W.P. Labuan
2022-01-01,dentist,30,W.P. Labuan
2014-01-01,doctor,53,W.P. Labuan
2015-01-01,doctor,57,W.P. Labuan
2016-01-01,doctor,57,W.P. Labuan
2017-01-01,doctor,71,W.P. Labuan
2018-01-01,doctor,110,W.P. Labuan
2019-01-01,doctor,116,W.P. Labuan
2020-01-01,doctor,105,W.P. Labuan
2021-01-01,doctor,103,W.P. Labuan
2022-01-01,doctor,102,W.P. Labuan
2014-01-01,nurse,211,W.P. Labuan
2015-01-01,nurse,230,W.P. Labuan
2016-01-01,nurse,231,W.P. Labuan
2017-01-01,nurse,230,W.P. Labuan
2018-01-01,nurse,230,W.P. Labuan
2019-01-01,nurse,232,W.P. Labuan
2020-01-01,nurse,225,W.P. Labuan
2021-01-01,nurse,284,W.P. Labuan
2022-01-01,nurse,359,W.P. Labuan
2014-01-01,nurse_community,111,W.P. Labuan
2015-01-01,nurse_community,112,W.P. Labuan
2016-01-01,nurse_community,109,W.P. Labuan
2017-01-01,nurse_community,111,W.P. Labuan
2018-01-01,nurse_community,112,W.P. Labuan
2019-01-01,nurse_community,114,W.P. Labuan
2020-01-01,nurse_community,104,W.P. Labuan
2021-01-01,nurse_community,103,W.P. Labuan
2022-01-01,nurse_community,110,W.P. Labuan
2014-01-01,all,7836,W.P. Putrajaya
2015-01-01,all,7936,W.P. Putrajaya
2016-01-01,all,7975,W.P. Putrajaya
2017-01-01,all,7152,W.P. Putrajaya
2018-01-01,all,5677,W.P. Putrajaya
2019-01-01,all,7248,W.P. Putrajaya
2020-01-01,all,3143,W.P. Putrajaya
2021-01-01,all,3129,W.P. Putrajaya
2022-01-01,all,3552,W.P. Putrajaya
2014-01-01,dentist,59,W.P. Putrajaya
2015-01-01,dentist,69,W.P. Putrajaya
2016-01-01,dentist,75,W.P. Putrajaya
2017-01-01,dentist,98,W.P. Putrajaya
2018-01-01,dentist,110,W.P. Putrajaya
2019-01-01,dentist,109,W.P. Putrajaya
2020-01-01,dentist,123,W.P. Putrajaya
2021-01-01,dentist,115,W.P. Putrajaya
2022-01-01,dentist,128,W.P. Putrajaya
2014-01-01,doctor,4373,W.P. Putrajaya
2015-01-01,doctor,4375,W.P. Putrajaya
2016-01-01,doctor,4449,W.P. Putrajaya
2017-01-01,doctor,4261,W.P. Putrajaya
2018-01-01,doctor,3776,W.P. Putrajaya
2019-01-01,doctor,5104,W.P. Putrajaya
2020-01-01,doctor,1383,W.P. Putrajaya
2021-01-01,doctor,1348,W.P. Putrajaya
2022-01-01,doctor,2023,W.P. Putrajaya
2014-01-01,nurse,2867,W.P. Putrajaya
2015-01-01,nurse,2952,W.P. Putrajaya
2016-01-01,nurse,2875,W.P. Putrajaya
2017-01-01,nurse,2312,W.P. Putrajaya
2018-01-01,nurse,1551,W.P. Putrajaya
2019-01-01,nurse,1675,W.P. Putrajaya
2020-01-01,nurse,1414,W.P. Putrajaya
2021-01-01,nurse,1471,W.P. Putrajaya
2022-01-01,nurse,1177,W.P. Putrajaya
2014-01-01,nurse_community,537,W.P. Putrajaya
2015-01-01,nurse_community,540,W.P. Putrajaya
2016-01-01,nurse_community,576,W.P. Putrajaya
2017-01-01,nurse_community,481,W.P. Putrajaya
2018-01-01,nurse_community,240,W.P. Putrajaya
2019-01-01,nurse_community,360,W.P. Putrajaya
2020-01-01,nurse_community,223,W.P. Putrajaya
2021-01-01,nurse_community,195,W.P. Putrajaya
2022-01-01,nurse_community,224,W.P. Putrajaya
