beds,date,type,state,district
49985,2022-01-01,all,Malaysia,All
5433,2022-01-01,all,Johor,All Districts
610,2022-01-01,all,Johor,Batu Pahat
3042,2022-01-01,all,Johor,Johor Bahru
382,2022-01-01,all,Johor,Kluang
158,2022-01-01,all,Johor,Kota Tinggi
93,2022-01-01,all,Johor,Kulaijaya
69,2022-01-01,all,Johor,Ledang
70,2022-01-01,all,Johor,Mersing
575,2022-01-01,all,Johor,Muar
120,2022-01-01,all,Johor,Pontian
314,2022-01-01,all,Johor,Segamat
2762,2022-01-01,all,Kedah,All Districts
115,2022-01-01,all,Kedah,Baling
0,2022-01-01,all,Kedah,Bandar Baharu
1108,2022-01-01,all,Kedah,Kota Setar
703,2022-01-01,all,Kedah,Kuala Muda
91,2022-01-01,all,Kedah,Kubang Pasu
320,2022-01-01,all,Kedah,Kulim
163,2022-01-01,all,Kedah,Langkawi
80,2022-01-01,all,Kedah,Padang Terap
0,2022-01-01,all,Kedah,Pendang
0,2022-01-01,all,Kedah,Pokok Sena
93,2022-01-01,all,Kedah,Sik
89,2022-01-01,all,Kedah,Yan
2970,2022-01-01,all,Kelantan,All Districts
0,2022-01-01,all,Kelantan,Bachok
90,2022-01-01,all,Kelantan,Gua Musang
80,2022-01-01,all,Kelantan,Jeli
1811,2022-01-01,all,Kelantan,Kota Bharu
424,2022-01-01,all,Kelantan,Kuala Krai
90,2022-01-01,all,Kelantan,Machang
120,2022-01-01,all,Kelantan,Pasir Mas
90,2022-01-01,all,Kelantan,Pasir Puteh
146,2022-01-01,all,Kelantan,Tanah Merah
119,2022-01-01,all,Kelantan,Tumpat
1454,2022-01-01,all,Melaka,All Districts
106,2022-01-01,all,Melaka,Alor Gajah
103,2022-01-01,all,Melaka,Jasin
1245,2022-01-01,all,Melaka,Melaka Tengah
1977,2022-01-01,all,Negeri Sembilan,All Districts
76,2022-01-01,all,Negeri Sembilan,Jelebu
108,2022-01-01,all,Negeri Sembilan,Jempol
314,2022-01-01,all,Negeri Sembilan,Kuala Pilah
116,2022-01-01,all,Negeri Sembilan,Port Dickson
76,2022-01-01,all,Negeri Sembilan,Rembau
1143,2022-01-01,all,Negeri Sembilan,Seremban
144,2022-01-01,all,Negeri Sembilan,Tampin
2681,2022-01-01,all,Pahang,All Districts
152,2022-01-01,all,Pahang,Bentong
40,2022-01-01,all,Pahang,Bera
40,2022-01-01,all,Pahang,Cameron Highlands
77,2022-01-01,all,Pahang,Jerantut
1176,2022-01-01,all,Pahang,Kuantan
168,2022-01-01,all,Pahang,Lipis
70,2022-01-01,all,Pahang,Maran
110,2022-01-01,all,Pahang,Pekan
89,2022-01-01,all,Pahang,Raub
109,2022-01-01,all,Pahang,Rompin
650,2022-01-01,all,Pahang,Temerloh
5887,2022-01-01,all,Perak,All Districts
350,2022-01-01,all,Perak,Batang Padang (Tapah)
548,2022-01-01,all,Perak,Hilir Perak
75,2022-01-01,all,Perak,Hulu Perak
68,2022-01-01,all,Perak,Kampar
100,2022-01-01,all,Perak,Kerian
3354,2022-01-01,all,Perak,Kinta (Ipoh)
229,2022-01-01,all,Perak,Kuala Kangsar
698,2022-01-01,all,Perak,Larut & Matang (Taiping)
415,2022-01-01,all,Perak,Manjung (Sitiawan)
50,2022-01-01,all,Perak,Perak Tengah
508,2022-01-01,all,Perlis,All Districts
508,2022-01-01,all,Perlis,Perlis
2138,2022-01-01,all,Pulau Pinang,All Districts
81,2022-01-01,all,Pulau Pinang,Barat Daya
105,2022-01-01,all,Pulau Pinang,Seberang Perai Selatan
655,2022-01-01,all,Pulau Pinang,Seberang Perai Tengah
134,2022-01-01,all,Pulau Pinang,Seberang Perai Utara (Butterworth)
1163,2022-01-01,all,Pulau Pinang,Timur Laut (Georgetown)
5053,2022-01-01,all,Sabah,All Districts
275,2022-01-01,all,Sabah,Beaufort
52,2022-01-01,all,Sabah,Beluran
216,2022-01-01,all,Sabah,Keningau
68,2022-01-01,all,Sabah,Kinabatangan
172,2022-01-01,all,Sabah,Kota Belud
2175,2022-01-01,all,Sabah,Kota Kinabalu
97,2022-01-01,all,Sabah,Kota Marudu
48,2022-01-01,all,Sabah,Kota Penyu
180,2022-01-01,all,Sabah,Kudat
48,2022-01-01,all,Sabah,Kunak
268,2022-01-01,all,Sabah,Lahad Datu
0,2022-01-01,all,Sabah,Nabawan
77,2022-01-01,all,Sabah,Papar
0,2022-01-01,all,Sabah,Penampang
72,2022-01-01,all,Sabah,Pitas
0,2022-01-01,all,Sabah,Putatan
110,2022-01-01,all,Sabah,Ranau
400,2022-01-01,all,Sabah,Sandakan
70,2022-01-01,all,Sabah,Semporna
93,2022-01-01,all,Sabah,Sipitang
49,2022-01-01,all,Sabah,Tambunan
431,2022-01-01,all,Sabah,Tawau
0,2022-01-01,all,Sabah,Telupid
70,2022-01-01,all,Sabah,Tenom
0,2022-01-01,all,Sabah,Tongad
82,2022-01-01,all,Sabah,Tuaran
4119,2022-01-01,all,Sarawak,All Districts
0,2022-01-01,all,Sarawak,Asajaya
68,2022-01-01,all,Sarawak,Bau
0,2022-01-01,all,Sarawak,Belaga
0,2022-01-01,all,Sarawak,Beluru
48,2022-01-01,all,Sarawak,Betong
302,2022-01-01,all,Sarawak,Bintulu
0,2022-01-01,all,Sarawak,Bukit Mabong
8,2022-01-01,all,Sarawak,Dalat
46,2022-01-01,all,Sarawak,Daro
0,2022-01-01,all,Sarawak,Julau
0,2022-01-01,all,Sarawak,Kabong
100,2022-01-01,all,Sarawak,Kanowit
134,2022-01-01,all,Sarawak,Kapit
1412,2022-01-01,all,Sarawak,Kuching
46,2022-01-01,all,Sarawak,Lawas
100,2022-01-01,all,Sarawak,Limbang
0,2022-01-01,all,Sarawak,Lubok Antu
46,2022-01-01,all,Sarawak,Lundu
54,2022-01-01,all,Sarawak,Marudi
0,2022-01-01,all,Sarawak,Matu
0,2022-01-01,all,Sarawak,Meradong
349,2022-01-01,all,Sarawak,Miri
80,2022-01-01,all,Sarawak,Mukah
0,2022-01-01,all,Sarawak,Pakan
0,2022-01-01,all,Sarawak,Pusa
128,2022-01-01,all,Sarawak,Samarahan
106,2022-01-01,all,Sarawak,Saratok
212,2022-01-01,all,Sarawak,Sarikei
0,2022-01-01,all,Sarawak,Sebauh
0,2022-01-01,all,Sarawak,Selangau
84,2022-01-01,all,Sarawak,Serian
662,2022-01-01,all,Sarawak,Sibu
42,2022-01-01,all,Sarawak,Simunjan
0,2022-01-01,all,Sarawak,Song
92,2022-01-01,all,Sarawak,Sri Aman
0,2022-01-01,all,Sarawak,Subis
0,2022-01-01,all,Sarawak,Tanjung Manis
0,2022-01-01,all,Sarawak,Tatau
0,2022-01-01,all,Sarawak,Tebedu
7640,2022-01-01,all,Selangor,All Districts
3153,2022-01-01,all,Selangor,Gombak (Rawang)
1087,2022-01-01,all,Selangor,Hulu Langat (Bangi)
120,2022-01-01,all,Selangor,Hulu Selangor
1261,2022-01-01,all,Selangor,Klang
196,2022-01-01,all,Selangor,Kuala Langat
114,2022-01-01,all,Selangor,Kuala Selangor
490,2022-01-01,all,Selangor,Petaling (Subang Jaya)
93,2022-01-01,all,Selangor,Sabak Bernam
1126,2022-01-01,all,Selangor,Sepang
1730,2022-01-01,all,Terengganu,All Districts
140,2022-01-01,all,Terengganu,Besut
100,2022-01-01,all,Terengganu,Dungun
95,2022-01-01,all,Terengganu,Hulu Terengganu
164,2022-01-01,all,Terengganu,Kemaman
1155,2022-01-01,all,Terengganu,Kuala Terengganu
0,2022-01-01,all,Terengganu,Marang
76,2022-01-01,all,Terengganu,Setiu
4874,2022-01-01,all,W.P. Kuala Lumpur,All Districts
4874,2022-01-01,all,W.P. Kuala Lumpur,W.P. Kuala Lumpur
122,2022-01-01,all,W.P. Labuan,All Districts
122,2022-01-01,all,W.P. Labuan,W.P. Labuan
637,2022-01-01,all,W.P. Putrajaya,All Districts
637,2022-01-01,all,W.P. Putrajaya,W.P. Putrajaya
