state,date,proportion
Malaysia,2001-01-01,96.85
Malaysia,2002-01-01,98.66
Malaysia,2003-01-01,98.67
Malaysia,2004-01-01,98.57
Malaysia,2005-01-01,98.02
Malaysia,2006-01-01,98.26
Malaysia,2007-01-01,97.88
Malaysia,2008-01-01,97.93
Malaysia,2009-01-01,97.92
Malaysia,2010-01-01,97.67
Malaysia,2011-01-01,97.29
Malaysia,2012-01-01,97.08
Malaysia,2013-01-01,96.0
Malaysia,2014-01-01,96.14
Malaysia,2015-01-01,95.83
Malaysia,2016-01-01,96.04
Malaysia,2017-01-01,96.32
Malaysia,2018-01-01,95.92
Malaysia,2019-01-01,95.25
Malaysia,2020-01-01,95.91
Malaysia,2021-01-01,96.38
Malaysia,2022-01-01,96.11
Johor,2001-01-01,99.3
Johor,2002-01-01,99.54
Johor,2003-01-01,99.62
Johor,2004-01-01,99.66
Johor,2005-01-01,99.66
Johor,2006-01-01,99.81
Johor,2007-01-01,99.9
Johor,2008-01-01,99.63
Johor,2009-01-01,99.5
Johor,2010-01-01,99.26
Johor,2011-01-01,99.07
Johor,2012-01-01,99.56
Johor,2013-01-01,99.6
Johor,2014-01-01,99.19
Johor,2015-01-01,98.1
Johor,2016-01-01,98.53
Johor,2017-01-01,97.91
Johor,2018-01-01,98.78
Johor,2019-01-01,97.66
Johor,2020-01-01,98.86
Johor,2021-01-01,98.89
Johor,2022-01-01,98.39
Kedah,2001-01-01,99.9
Kedah,2002-01-01,99.8
Kedah,2003-01-01,99.55
Kedah,2004-01-01,99.43
Kedah,2005-01-01,98.34
Kedah,2006-01-01,98.69
Kedah,2007-01-01,98.56
Kedah,2008-01-01,98.56
Kedah,2009-01-01,99.13
Kedah,2010-01-01,99.11
Kedah,2011-01-01,99.19
Kedah,2012-01-01,99.29
Kedah,2013-01-01,99.2
Kedah,2014-01-01,98.97
Kedah,2015-01-01,98.14
Kedah,2016-01-01,98.43
Kedah,2017-01-01,97.57
Kedah,2018-01-01,97.78
Kedah,2019-01-01,97.39
Kedah,2020-01-01,97.74
Kedah,2021-01-01,99.05
Kedah,2022-01-01,97.41
Kelantan,2001-01-01,88.46
Kelantan,2002-01-01,96.33
Kelantan,2003-01-01,98.45
Kelantan,2004-01-01,98.42
Kelantan,2005-01-01,98.45
Kelantan,2006-01-01,98.7
Kelantan,2007-01-01,97.42
Kelantan,2008-01-01,98.68
Kelantan,2009-01-01,98.76
Kelantan,2010-01-01,98.54
Kelantan,2011-01-01,98.53
Kelantan,2012-01-01,98.17
Kelantan,2013-01-01,98.5
Kelantan,2014-01-01,98.66
Kelantan,2015-01-01,98.77
Kelantan,2016-01-01,99.11
Kelantan,2017-01-01,98.94
Kelantan,2018-01-01,97.84
Kelantan,2019-01-01,98.15
Kelantan,2020-01-01,99.49
Kelantan,2021-01-01,99.6
Kelantan,2022-01-01,99.15
Melaka,2001-01-01,100.0
Melaka,2002-01-01,100.0
Melaka,2003-01-01,99.36
Melaka,2004-01-01,99.11
Melaka,2005-01-01,99.17
Melaka,2006-01-01,99.13
Melaka,2007-01-01,99.82
Melaka,2008-01-01,99.92
Melaka,2009-01-01,99.79
Melaka,2010-01-01,99.83
Melaka,2011-01-01,99.97
Melaka,2012-01-01,100.0
Melaka,2013-01-01,100.0
Melaka,2014-01-01,100.0
Melaka,2015-01-01,99.98
Melaka,2016-01-01,99.98
Melaka,2017-01-01,99.99
Melaka,2018-01-01,100.0
Melaka,2019-01-01,100.0
Melaka,2020-01-01,100.0
Melaka,2021-01-01,100.0
Melaka,2022-01-01,100.0
Negeri Sembilan,2001-01-01,99.91
Negeri Sembilan,2002-01-01,99.9
Negeri Sembilan,2003-01-01,99.94
Negeri Sembilan,2004-01-01,99.91
Negeri Sembilan,2005-01-01,99.92
Negeri Sembilan,2006-01-01,99.93
Negeri Sembilan,2007-01-01,99.96
Negeri Sembilan,2008-01-01,99.72
Negeri Sembilan,2009-01-01,99.15
Negeri Sembilan,2010-01-01,99.39
Negeri Sembilan,2011-01-01,99.44
Negeri Sembilan,2012-01-01,98.07
Negeri Sembilan,2013-01-01,99.4
Negeri Sembilan,2014-01-01,99.43
Negeri Sembilan,2015-01-01,99.28
Negeri Sembilan,2016-01-01,92.84
Negeri Sembilan,2017-01-01,92.94
Negeri Sembilan,2018-01-01,99.12
Negeri Sembilan,2019-01-01,98.91
Negeri Sembilan,2020-01-01,98.93
Negeri Sembilan,2021-01-01,99.16
Negeri Sembilan,2022-01-01,99.28
Pahang,2001-01-01,99.56
Pahang,2002-01-01,99.53
Pahang,2003-01-01,99.69
Pahang,2004-01-01,98.95
Pahang,2005-01-01,94.73
Pahang,2006-01-01,98.37
Pahang,2007-01-01,97.69
Pahang,2008-01-01,98.71
Pahang,2009-01-01,98.18
Pahang,2010-01-01,97.82
Pahang,2011-01-01,94.49
Pahang,2012-01-01,94.95
Pahang,2013-01-01,98.3
Pahang,2014-01-01,91.12
Pahang,2015-01-01,91.3
Pahang,2016-01-01,93.68
Pahang,2017-01-01,96.08
Pahang,2018-01-01,95.22
Pahang,2019-01-01,95.95
Pahang,2020-01-01,95.82
Pahang,2021-01-01,95.95
Pahang,2022-01-01,96.06
Perak,2001-01-01,99.07
Perak,2002-01-01,98.99
Perak,2003-01-01,98.92
Perak,2004-01-01,98.96
Perak,2005-01-01,98.95
Perak,2006-01-01,99.15
Perak,2007-01-01,97.69
Perak,2008-01-01,98.61
Perak,2009-01-01,98.3
Perak,2010-01-01,98.04
Perak,2011-01-01,97.93
Perak,2012-01-01,97.33
Perak,2013-01-01,96.6
Perak,2014-01-01,96.96
Perak,2015-01-01,96.83
Perak,2016-01-01,96.72
Perak,2017-01-01,97.51
Perak,2018-01-01,97.51
Perak,2019-01-01,97.7
Perak,2020-01-01,97.67
Perak,2021-01-01,97.78
Perak,2022-01-01,97.81
Perlis,2001-01-01,99.11
Perlis,2002-01-01,99.22
Perlis,2003-01-01,99.26
Perlis,2004-01-01,99.52
Perlis,2005-01-01,99.49
Perlis,2006-01-01,99.42
Perlis,2007-01-01,97.69
Perlis,2008-01-01,99.11
Perlis,2009-01-01,99.67
Perlis,2010-01-01,99.46
Perlis,2011-01-01,99.08
Perlis,2012-01-01,98.93
Perlis,2013-01-01,98.4
Perlis,2014-01-01,98.65
Perlis,2015-01-01,98.3
Perlis,2016-01-01,97.77
Perlis,2017-01-01,97.32
Perlis,2018-01-01,97.09
Perlis,2019-01-01,98.5
Perlis,2020-01-01,98.34
Perlis,2021-01-01,98.43
Perlis,2022-01-01,98.31
Pulau Pinang,2001-01-01,99.7
Pulau Pinang,2002-01-01,99.78
Pulau Pinang,2003-01-01,99.76
Pulau Pinang,2004-01-01,99.71
Pulau Pinang,2005-01-01,99.72
Pulau Pinang,2006-01-01,99.74
Pulau Pinang,2007-01-01,97.69
Pulau Pinang,2008-01-01,99.74
Pulau Pinang,2009-01-01,99.81
Pulau Pinang,2010-01-01,99.83
Pulau Pinang,2011-01-01,99.78
Pulau Pinang,2012-01-01,99.86
Pulau Pinang,2013-01-01,99.6
Pulau Pinang,2014-01-01,99.7
Pulau Pinang,2015-01-01,99.7
Pulau Pinang,2016-01-01,98.94
Pulau Pinang,2017-01-01,99.12
Pulau Pinang,2018-01-01,99.35
Pulau Pinang,2019-01-01,93.47
Pulau Pinang,2020-01-01,94.15
Pulau Pinang,2021-01-01,94.47
Pulau Pinang,2022-01-01,93.96
Sabah,2001-01-01,93.56
Sabah,2002-01-01,96.29
Sabah,2003-01-01,95.32
Sabah,2004-01-01,96.06
Sabah,2005-01-01,94.42
Sabah,2006-01-01,92.79
Sabah,2007-01-01,97.69
Sabah,2008-01-01,96.27
Sabah,2009-01-01,93.14
Sabah,2010-01-01,90.95
Sabah,2011-01-01,90.51
Sabah,2012-01-01,89.07
Sabah,2013-01-01,84.5
Sabah,2014-01-01,85.07
Sabah,2015-01-01,87.95
Sabah,2016-01-01,85.47
Sabah,2017-01-01,84.11
Sabah,2018-01-01,84.93
Sabah,2019-01-01,84.88
Sabah,2020-01-01,85.19
Sabah,2021-01-01,85.93
Sabah,2022-01-01,85.03
Sarawak,2001-01-01,97.24
Sarawak,2002-01-01,99.68
Sarawak,2003-01-01,98.22
Sarawak,2004-01-01,97.33
Sarawak,2005-01-01,98.28
Sarawak,2006-01-01,98.44
Sarawak,2007-01-01,97.69
Sarawak,2008-01-01,91.75
Sarawak,2009-01-01,96.65
Sarawak,2010-01-01,95.55
Sarawak,2011-01-01,95.17
Sarawak,2012-01-01,95.62
Sarawak,2013-01-01,90.8
Sarawak,2014-01-01,94.54
Sarawak,2015-01-01,93.79
Sarawak,2016-01-01,94.08
Sarawak,2017-01-01,98.21
Sarawak,2018-01-01,92.25
Sarawak,2019-01-01,88.23
Sarawak,2020-01-01,88.22
Sarawak,2021-01-01,90.07
Sarawak,2022-01-01,91.56
Selangor,2001-01-01,97.88
Selangor,2002-01-01,98.38
Selangor,2003-01-01,98.46
Selangor,2004-01-01,98.49
Selangor,2005-01-01,98.47
Selangor,2006-01-01,98.69
Selangor,2007-01-01,97.69
Selangor,2008-01-01,99.17
Selangor,2009-01-01,99.14
Selangor,2010-01-01,99.01
Selangor,2011-01-01,99.04
Selangor,2012-01-01,98.68
Selangor,2013-01-01,98.0
Selangor,2014-01-01,97.2
Selangor,2015-01-01,88.2
Selangor,2016-01-01,91.97
Selangor,2017-01-01,90.28
Selangor,2018-01-01,89.44
Selangor,2019-01-01,89.47
Selangor,2020-01-01,96.08
Selangor,2021-01-01,95.67
Selangor,2022-01-01,96.36
Terengganu,2001-01-01,99.2
Terengganu,2002-01-01,99.37
Terengganu,2003-01-01,99.43
Terengganu,2004-01-01,99.43
Terengganu,2005-01-01,99.39
Terengganu,2006-01-01,99.43
Terengganu,2007-01-01,97.69
Terengganu,2008-01-01,99.94
Terengganu,2009-01-01,100.0
Terengganu,2010-01-01,100.0
Terengganu,2011-01-01,99.63
Terengganu,2012-01-01,99.54
Terengganu,2013-01-01,98.1
Terengganu,2014-01-01,99.1
Terengganu,2015-01-01,99.78
Terengganu,2016-01-01,99.96
Terengganu,2017-01-01,99.98
Terengganu,2018-01-01,99.98
Terengganu,2019-01-01,99.87
Terengganu,2020-01-01,99.99
Terengganu,2021-01-01,99.97
Terengganu,2022-01-01,99.98
