abs,date,rate,type,state
541,2000-01-01,8.1,total,Johor
593,2001-01-01,9.7,total,Johor
554,2002-01-01,9.3,total,Johor
528,2003-01-01,9.1,total,Johor
491,2004-01-01,8.6,total,Johor
508,2005-01-01,9.0,total,Johor
449,2006-01-01,7.9,total,Johor
429,2007-01-01,7.4,total,Johor
515,2008-01-01,8.9,total,Johor
464,2009-01-01,8.0,total,Johor
483,2010-01-01,8.6,total,Johor
456,2011-01-01,7.8,total,Johor
512,2012-01-01,8.5,total,Johor
442,2013-01-01,7.7,total,Johor
445,2014-01-01,7.4,total,Johor
517,2015-01-01,8.5,total,Johor
534,2016-01-01,9.0,total,Johor
503,2017-01-01,8.2,total,Johor
515,2018-01-01,8.4,total,Johor
473,2019-01-01,7.8,total,Johor
412,2020-01-01,7.2,total,Johor
402,2021-01-01,8.0,total,Johor
409,2022-01-01,8.5,total,Johor
412,2023-01-01,7.3,total,Johor
434,2024-01-01,8.5,total,Johor
193,2000-01-01,2.9,perinatal,Johor
366,2001-01-01,5.9,perinatal,Johor
378,2002-01-01,6.3,perinatal,Johor
416,2003-01-01,7.1,perinatal,Johor
362,2004-01-01,6.3,perinatal,Johor
389,2005-01-01,6.9,perinatal,Johor
397,2006-01-01,7.0,perinatal,Johor
421,2007-01-01,7.3,perinatal,Johor
394,2008-01-01,6.8,perinatal,Johor
423,2009-01-01,7.3,perinatal,Johor
402,2010-01-01,7.1,perinatal,Johor
404,2011-01-01,6.9,perinatal,Johor
429,2012-01-01,7.1,perinatal,Johor
441,2013-01-01,7.6,perinatal,Johor
414,2014-01-01,6.8,perinatal,Johor
540,2015-01-01,8.9,perinatal,Johor
543,2016-01-01,9.1,perinatal,Johor
504,2017-01-01,8.2,perinatal,Johor
576,2018-01-01,9.4,perinatal,Johor
499,2019-01-01,8.2,perinatal,Johor
456,2020-01-01,8.0,perinatal,Johor
431,2021-01-01,8.6,perinatal,Johor
382,2022-01-01,7.9,perinatal,Johor
383,2023-01-01,6.8,perinatal,Johor
363,2024-01-01,7.1,perinatal,Johor
239,2000-01-01,3.6,neonatal,Johor
281,2001-01-01,4.6,neonatal,Johor
257,2002-01-01,4.3,neonatal,Johor
247,2003-01-01,4.2,neonatal,Johor
235,2004-01-01,4.1,neonatal,Johor
237,2005-01-01,4.2,neonatal,Johor
228,2006-01-01,4.0,neonatal,Johor
223,2007-01-01,3.9,neonatal,Johor
252,2008-01-01,4.4,neonatal,Johor
235,2009-01-01,4.1,neonatal,Johor
248,2010-01-01,4.4,neonatal,Johor
228,2011-01-01,3.9,neonatal,Johor
267,2012-01-01,4.4,neonatal,Johor
235,2013-01-01,4.1,neonatal,Johor
242,2014-01-01,4.0,neonatal,Johor
285,2015-01-01,4.7,neonatal,Johor
287,2016-01-01,4.8,neonatal,Johor
274,2017-01-01,4.5,neonatal,Johor
265,2018-01-01,4.3,neonatal,Johor
238,2019-01-01,3.9,neonatal,Johor
239,2020-01-01,4.2,neonatal,Johor
221,2021-01-01,4.4,neonatal,Johor
202,2022-01-01,4.2,neonatal,Johor
206,2023-01-01,3.7,neonatal,Johor
219,2024-01-01,4.3,neonatal,Johor
419,2000-01-01,6.2,infant,Johor
471,2001-01-01,7.7,infant,Johor
425,2002-01-01,7.1,infant,Johor
411,2003-01-01,7.1,infant,Johor
389,2004-01-01,6.8,infant,Johor
411,2005-01-01,7.3,infant,Johor
370,2006-01-01,6.5,infant,Johor
355,2007-01-01,6.1,infant,Johor
401,2008-01-01,6.9,infant,Johor
387,2009-01-01,6.7,infant,Johor
396,2010-01-01,7.1,infant,Johor
374,2011-01-01,6.4,infant,Johor
424,2012-01-01,7.0,infant,Johor
364,2013-01-01,6.3,infant,Johor
368,2014-01-01,6.1,infant,Johor
440,2015-01-01,7.3,infant,Johor
443,2016-01-01,7.4,infant,Johor
413,2017-01-01,6.8,infant,Johor
422,2018-01-01,6.9,infant,Johor
386,2019-01-01,6.4,infant,Johor
354,2020-01-01,6.2,infant,Johor
343,2021-01-01,6.9,infant,Johor
323,2022-01-01,6.7,infant,Johor
341,2023-01-01,6.1,infant,Johor
360,2024-01-01,7.1,infant,Johor
122,2000-01-01,0.5,toddler,Johor
122,2001-01-01,0.5,toddler,Johor
129,2002-01-01,0.5,toddler,Johor
117,2003-01-01,0.5,toddler,Johor
102,2004-01-01,0.4,toddler,Johor
97,2005-01-01,0.4,toddler,Johor
79,2006-01-01,0.3,toddler,Johor
74,2007-01-01,0.3,toddler,Johor
114,2008-01-01,0.5,toddler,Johor
77,2009-01-01,0.3,toddler,Johor
87,2010-01-01,0.4,toddler,Johor
82,2011-01-01,0.4,toddler,Johor
88,2012-01-01,0.4,toddler,Johor
78,2013-01-01,0.3,toddler,Johor
77,2014-01-01,0.3,toddler,Johor
77,2015-01-01,0.3,toddler,Johor
91,2016-01-01,0.4,toddler,Johor
90,2017-01-01,0.4,toddler,Johor
93,2018-01-01,0.4,toddler,Johor
87,2019-01-01,0.4,toddler,Johor
58,2020-01-01,0.2,toddler,Johor
59,2021-01-01,0.2,toddler,Johor
86,2022-01-01,0.4,toddler,Johor
71,2023-01-01,0.3,toddler,Johor
74,2024-01-01,0.4,toddler,Johor
321,2000-01-01,7.8,total,Kedah
427,2001-01-01,11.2,total,Kedah
366,2002-01-01,10.0,total,Kedah
356,2003-01-01,10.1,total,Kedah
335,2004-01-01,9.6,total,Kedah
334,2005-01-01,9.8,total,Kedah
293,2006-01-01,8.7,total,Kedah
329,2007-01-01,9.7,total,Kedah
353,2008-01-01,10.0,total,Kedah
340,2009-01-01,9.4,total,Kedah
324,2010-01-01,9.2,total,Kedah
282,2011-01-01,7.8,total,Kedah
311,2012-01-01,8.5,total,Kedah
292,2013-01-01,8.3,total,Kedah
287,2014-01-01,7.9,total,Kedah
288,2015-01-01,7.8,total,Kedah
308,2016-01-01,8.6,total,Kedah
268,2017-01-01,7.3,total,Kedah
286,2018-01-01,8.0,total,Kedah
279,2019-01-01,8.1,total,Kedah
218,2020-01-01,6.4,total,Kedah
231,2021-01-01,7.0,total,Kedah
244,2022-01-01,7.9,total,Kedah
249,2023-01-01,7.4,total,Kedah
269,2024-01-01,8.8,total,Kedah
188,2000-01-01,4.6,perinatal,Kedah
373,2001-01-01,9.7,perinatal,Kedah
342,2002-01-01,9.3,perinatal,Kedah
362,2003-01-01,10.2,perinatal,Kedah
331,2004-01-01,9.4,perinatal,Kedah
355,2005-01-01,10.3,perinatal,Kedah
315,2006-01-01,9.2,perinatal,Kedah
324,2007-01-01,9.5,perinatal,Kedah
343,2008-01-01,9.6,perinatal,Kedah
353,2009-01-01,9.7,perinatal,Kedah
333,2010-01-01,9.4,perinatal,Kedah
321,2011-01-01,8.9,perinatal,Kedah
323,2012-01-01,8.8,perinatal,Kedah
295,2013-01-01,8.4,perinatal,Kedah
315,2014-01-01,8.6,perinatal,Kedah
296,2015-01-01,8.0,perinatal,Kedah
294,2016-01-01,8.1,perinatal,Kedah
301,2017-01-01,8.2,perinatal,Kedah
283,2018-01-01,7.9,perinatal,Kedah
293,2019-01-01,8.4,perinatal,Kedah
252,2020-01-01,7.4,perinatal,Kedah
256,2021-01-01,7.7,perinatal,Kedah
237,2022-01-01,7.7,perinatal,Kedah
243,2023-01-01,7.2,perinatal,Kedah
254,2024-01-01,8.3,perinatal,Kedah
123,2000-01-01,3.0,neonatal,Kedah
199,2001-01-01,5.2,neonatal,Kedah
151,2002-01-01,4.1,neonatal,Kedah
176,2003-01-01,5.0,neonatal,Kedah
163,2004-01-01,4.6,neonatal,Kedah
170,2005-01-01,5.0,neonatal,Kedah
151,2006-01-01,4.5,neonatal,Kedah
178,2007-01-01,5.2,neonatal,Kedah
197,2008-01-01,5.6,neonatal,Kedah
199,2009-01-01,5.5,neonatal,Kedah
191,2010-01-01,5.4,neonatal,Kedah
162,2011-01-01,4.5,neonatal,Kedah
179,2012-01-01,4.9,neonatal,Kedah
154,2013-01-01,4.4,neonatal,Kedah
164,2014-01-01,4.5,neonatal,Kedah
151,2015-01-01,4.1,neonatal,Kedah
171,2016-01-01,4.8,neonatal,Kedah
140,2017-01-01,3.8,neonatal,Kedah
151,2018-01-01,4.2,neonatal,Kedah
137,2019-01-01,4.0,neonatal,Kedah
126,2020-01-01,3.7,neonatal,Kedah
146,2021-01-01,4.4,neonatal,Kedah
114,2022-01-01,3.7,neonatal,Kedah
123,2023-01-01,3.6,neonatal,Kedah
151,2024-01-01,4.9,neonatal,Kedah
240,2000-01-01,5.9,infant,Kedah
322,2001-01-01,8.5,infant,Kedah
266,2002-01-01,7.3,infant,Kedah
273,2003-01-01,7.7,infant,Kedah
258,2004-01-01,7.4,infant,Kedah
270,2005-01-01,7.9,infant,Kedah
231,2006-01-01,6.8,infant,Kedah
262,2007-01-01,7.7,infant,Kedah
286,2008-01-01,8.1,infant,Kedah
280,2009-01-01,7.8,infant,Kedah
274,2010-01-01,7.8,infant,Kedah
237,2011-01-01,6.6,infant,Kedah
262,2012-01-01,7.2,infant,Kedah
233,2013-01-01,6.7,infant,Kedah
230,2014-01-01,6.3,infant,Kedah
241,2015-01-01,6.6,infant,Kedah
254,2016-01-01,7.1,infant,Kedah
215,2017-01-01,5.9,infant,Kedah
229,2018-01-01,6.4,infant,Kedah
222,2019-01-01,6.4,infant,Kedah
173,2020-01-01,5.1,infant,Kedah
203,2021-01-01,6.1,infant,Kedah
193,2022-01-01,6.3,infant,Kedah
200,2023-01-01,5.9,infant,Kedah
225,2024-01-01,7.3,infant,Kedah
81,2000-01-01,0.5,toddler,Kedah
105,2001-01-01,0.6,toddler,Kedah
100,2002-01-01,0.6,toddler,Kedah
83,2003-01-01,0.5,toddler,Kedah
77,2004-01-01,0.5,toddler,Kedah
64,2005-01-01,0.4,toddler,Kedah
62,2006-01-01,0.4,toddler,Kedah
67,2007-01-01,0.5,toddler,Kedah
67,2008-01-01,0.5,toddler,Kedah
60,2009-01-01,0.4,toddler,Kedah
50,2010-01-01,0.4,toddler,Kedah
45,2011-01-01,0.3,toddler,Kedah
49,2012-01-01,0.3,toddler,Kedah
59,2013-01-01,0.4,toddler,Kedah
57,2014-01-01,0.4,toddler,Kedah
47,2015-01-01,0.3,toddler,Kedah
54,2016-01-01,0.4,toddler,Kedah
53,2017-01-01,0.4,toddler,Kedah
57,2018-01-01,0.4,toddler,Kedah
57,2019-01-01,0.4,toddler,Kedah
45,2020-01-01,0.3,toddler,Kedah
28,2021-01-01,0.2,toddler,Kedah
51,2022-01-01,0.4,toddler,Kedah
49,2023-01-01,0.4,toddler,Kedah
44,2024-01-01,0.3,toddler,Kedah
544,2000-01-01,13.5,total,Kelantan
466,2001-01-01,12.2,total,Kelantan
454,2002-01-01,12.2,total,Kelantan
454,2003-01-01,12.7,total,Kelantan
401,2004-01-01,11.4,total,Kelantan
429,2005-01-01,12.6,total,Kelantan
372,2006-01-01,11.1,total,Kelantan
386,2007-01-01,11.4,total,Kelantan
385,2008-01-01,11.0,total,Kelantan
437,2009-01-01,12.2,total,Kelantan
384,2010-01-01,10.7,total,Kelantan
364,2011-01-01,9.7,total,Kelantan
366,2012-01-01,9.9,total,Kelantan
338,2013-01-01,9.3,total,Kelantan
395,2014-01-01,10.1,total,Kelantan
315,2015-01-01,8.1,total,Kelantan
367,2016-01-01,9.5,total,Kelantan
363,2017-01-01,9.3,total,Kelantan
343,2018-01-01,8.9,total,Kelantan
336,2019-01-01,9.1,total,Kelantan
265,2020-01-01,7.3,total,Kelantan
285,2021-01-01,8.2,total,Kelantan
319,2022-01-01,9.4,total,Kelantan
308,2023-01-01,8.6,total,Kelantan
256,2024-01-01,8.0,total,Kelantan
269,2000-01-01,6.6,perinatal,Kelantan
285,2001-01-01,7.4,perinatal,Kelantan
333,2002-01-01,8.9,perinatal,Kelantan
365,2003-01-01,10.1,perinatal,Kelantan
327,2004-01-01,9.2,perinatal,Kelantan
310,2005-01-01,9.0,perinatal,Kelantan
298,2006-01-01,8.8,perinatal,Kelantan
338,2007-01-01,9.9,perinatal,Kelantan
341,2008-01-01,9.7,perinatal,Kelantan
368,2009-01-01,10.2,perinatal,Kelantan
362,2010-01-01,10.0,perinatal,Kelantan
377,2011-01-01,9.9,perinatal,Kelantan
391,2012-01-01,10.5,perinatal,Kelantan
335,2013-01-01,9.1,perinatal,Kelantan
374,2014-01-01,9.5,perinatal,Kelantan
321,2015-01-01,8.2,perinatal,Kelantan
366,2016-01-01,9.5,perinatal,Kelantan
363,2017-01-01,9.2,perinatal,Kelantan
335,2018-01-01,8.7,perinatal,Kelantan
344,2019-01-01,9.3,perinatal,Kelantan
302,2020-01-01,8.3,perinatal,Kelantan
331,2021-01-01,9.5,perinatal,Kelantan
282,2022-01-01,8.3,perinatal,Kelantan
289,2023-01-01,8.1,perinatal,Kelantan
232,2024-01-01,7.3,perinatal,Kelantan
183,2000-01-01,4.5,neonatal,Kelantan
156,2001-01-01,4.1,neonatal,Kelantan
128,2002-01-01,3.4,neonatal,Kelantan
136,2003-01-01,3.8,neonatal,Kelantan
116,2004-01-01,3.3,neonatal,Kelantan
137,2005-01-01,4.0,neonatal,Kelantan
125,2006-01-01,3.7,neonatal,Kelantan
155,2007-01-01,4.6,neonatal,Kelantan
171,2008-01-01,4.9,neonatal,Kelantan
210,2009-01-01,5.9,neonatal,Kelantan
193,2010-01-01,5.4,neonatal,Kelantan
184,2011-01-01,4.9,neonatal,Kelantan
192,2012-01-01,5.2,neonatal,Kelantan
175,2013-01-01,4.8,neonatal,Kelantan
216,2014-01-01,5.5,neonatal,Kelantan
169,2015-01-01,4.3,neonatal,Kelantan
193,2016-01-01,5.0,neonatal,Kelantan
198,2017-01-01,5.1,neonatal,Kelantan
195,2018-01-01,5.1,neonatal,Kelantan
183,2019-01-01,5.0,neonatal,Kelantan
145,2020-01-01,4.0,neonatal,Kelantan
181,2021-01-01,5.2,neonatal,Kelantan
168,2022-01-01,5.0,neonatal,Kelantan
173,2023-01-01,4.8,neonatal,Kelantan
131,2024-01-01,4.1,neonatal,Kelantan
407,2000-01-01,10.1,infant,Kelantan
334,2001-01-01,8.7,infant,Kelantan
319,2002-01-01,8.6,infant,Kelantan
329,2003-01-01,9.2,infant,Kelantan
278,2004-01-01,7.9,infant,Kelantan
304,2005-01-01,8.9,infant,Kelantan
255,2006-01-01,7.6,infant,Kelantan
278,2007-01-01,8.2,infant,Kelantan
274,2008-01-01,7.9,infant,Kelantan
340,2009-01-01,9.5,infant,Kelantan
301,2010-01-01,8.4,infant,Kelantan
291,2011-01-01,7.7,infant,Kelantan
299,2012-01-01,8.1,infant,Kelantan
269,2013-01-01,7.4,infant,Kelantan
319,2014-01-01,8.1,infant,Kelantan
261,2015-01-01,6.7,infant,Kelantan
298,2016-01-01,7.7,infant,Kelantan
302,2017-01-01,7.7,infant,Kelantan
288,2018-01-01,7.5,infant,Kelantan
271,2019-01-01,7.4,infant,Kelantan
215,2020-01-01,5.9,infant,Kelantan
249,2021-01-01,7.2,infant,Kelantan
264,2022-01-01,7.8,infant,Kelantan
251,2023-01-01,7.0,infant,Kelantan
202,2024-01-01,6.3,infant,Kelantan
137,2000-01-01,0.8,toddler,Kelantan
132,2001-01-01,0.8,toddler,Kelantan
135,2002-01-01,0.8,toddler,Kelantan
125,2003-01-01,0.8,toddler,Kelantan
123,2004-01-01,0.8,toddler,Kelantan
125,2005-01-01,0.8,toddler,Kelantan
117,2006-01-01,0.8,toddler,Kelantan
108,2007-01-01,0.8,toddler,Kelantan
111,2008-01-01,0.8,toddler,Kelantan
97,2009-01-01,0.7,toddler,Kelantan
83,2010-01-01,0.6,toddler,Kelantan
73,2011-01-01,0.5,toddler,Kelantan
67,2012-01-01,0.5,toddler,Kelantan
69,2013-01-01,0.5,toddler,Kelantan
76,2014-01-01,0.5,toddler,Kelantan
54,2015-01-01,0.4,toddler,Kelantan
69,2016-01-01,0.4,toddler,Kelantan
61,2017-01-01,0.4,toddler,Kelantan
55,2018-01-01,0.3,toddler,Kelantan
65,2019-01-01,0.4,toddler,Kelantan
50,2020-01-01,0.4,toddler,Kelantan
36,2021-01-01,0.3,toddler,Kelantan
55,2022-01-01,0.4,toddler,Kelantan
57,2023-01-01,0.4,toddler,Kelantan
54,2024-01-01,0.4,toddler,Kelantan
150,2000-01-01,9.8,total,Melaka
140,2001-01-01,9.8,total,Melaka
149,2002-01-01,10.8,total,Melaka
146,2003-01-01,10.5,total,Melaka
150,2004-01-01,11.1,total,Melaka
137,2005-01-01,10.3,total,Melaka
115,2006-01-01,8.9,total,Melaka
129,2007-01-01,9.6,total,Melaka
130,2008-01-01,9.5,total,Melaka
143,2009-01-01,10.6,total,Melaka
123,2010-01-01,9.5,total,Melaka
142,2011-01-01,10.2,total,Melaka
119,2012-01-01,8.3,total,Melaka
107,2013-01-01,7.8,total,Melaka
104,2014-01-01,7.1,total,Melaka
102,2015-01-01,7.0,total,Melaka
114,2016-01-01,7.9,total,Melaka
114,2017-01-01,7.9,total,Melaka
120,2018-01-01,8.3,total,Melaka
109,2019-01-01,7.7,total,Melaka
110,2020-01-01,7.9,total,Melaka
108,2021-01-01,8.2,total,Melaka
115,2022-01-01,8.8,total,Melaka
110,2023-01-01,8.1,total,Melaka
121,2024-01-01,9.6,total,Melaka
155,2000-01-01,10.1,perinatal,Melaka
143,2001-01-01,9.9,perinatal,Melaka
146,2002-01-01,10.5,perinatal,Melaka
137,2003-01-01,9.8,perinatal,Melaka
113,2004-01-01,8.3,perinatal,Melaka
126,2005-01-01,9.4,perinatal,Melaka
152,2006-01-01,11.7,perinatal,Melaka
122,2007-01-01,9.0,perinatal,Melaka
138,2008-01-01,10.1,perinatal,Melaka
130,2009-01-01,9.6,perinatal,Melaka
112,2010-01-01,8.6,perinatal,Melaka
131,2011-01-01,9.3,perinatal,Melaka
132,2012-01-01,9.2,perinatal,Melaka
97,2013-01-01,7.1,perinatal,Melaka
113,2014-01-01,7.7,perinatal,Melaka
101,2015-01-01,6.9,perinatal,Melaka
115,2016-01-01,7.9,perinatal,Melaka
121,2017-01-01,8.4,perinatal,Melaka
137,2018-01-01,9.5,perinatal,Melaka
120,2019-01-01,8.4,perinatal,Melaka
119,2020-01-01,8.5,perinatal,Melaka
107,2021-01-01,8.1,perinatal,Melaka
101,2022-01-01,7.7,perinatal,Melaka
106,2023-01-01,7.8,perinatal,Melaka
104,2024-01-01,8.3,perinatal,Melaka
87,2000-01-01,5.7,neonatal,Melaka
79,2001-01-01,5.5,neonatal,Melaka
79,2002-01-01,5.7,neonatal,Melaka
70,2003-01-01,5.0,neonatal,Melaka
72,2004-01-01,5.3,neonatal,Melaka
75,2005-01-01,5.6,neonatal,Melaka
69,2006-01-01,5.3,neonatal,Melaka
65,2007-01-01,4.8,neonatal,Melaka
77,2008-01-01,5.7,neonatal,Melaka
75,2009-01-01,5.6,neonatal,Melaka
68,2010-01-01,5.2,neonatal,Melaka
80,2011-01-01,5.7,neonatal,Melaka
67,2012-01-01,4.7,neonatal,Melaka
49,2013-01-01,3.6,neonatal,Melaka
54,2014-01-01,3.7,neonatal,Melaka
46,2015-01-01,3.2,neonatal,Melaka
60,2016-01-01,4.2,neonatal,Melaka
60,2017-01-01,4.2,neonatal,Melaka
71,2018-01-01,4.9,neonatal,Melaka
64,2019-01-01,4.5,neonatal,Melaka
66,2020-01-01,4.8,neonatal,Melaka
62,2021-01-01,4.7,neonatal,Melaka
64,2022-01-01,4.9,neonatal,Melaka
60,2023-01-01,4.4,neonatal,Melaka
74,2024-01-01,5.9,neonatal,Melaka
120,2000-01-01,7.8,infant,Melaka
107,2001-01-01,7.5,infant,Melaka
128,2002-01-01,9.3,infant,Melaka
113,2003-01-01,8.1,infant,Melaka
121,2004-01-01,8.9,infant,Melaka
112,2005-01-01,8.4,infant,Melaka
104,2006-01-01,8.0,infant,Melaka
105,2007-01-01,7.8,infant,Melaka
112,2008-01-01,8.2,infant,Melaka
120,2009-01-01,8.9,infant,Melaka
105,2010-01-01,8.1,infant,Melaka
120,2011-01-01,8.6,infant,Melaka
105,2012-01-01,7.4,infant,Melaka
90,2013-01-01,6.6,infant,Melaka
84,2014-01-01,5.8,infant,Melaka
80,2015-01-01,5.5,infant,Melaka
100,2016-01-01,6.9,infant,Melaka
95,2017-01-01,6.6,infant,Melaka
110,2018-01-01,7.6,infant,Melaka
91,2019-01-01,6.4,infant,Melaka
89,2020-01-01,6.4,infant,Melaka
94,2021-01-01,7.1,infant,Melaka
88,2022-01-01,6.7,infant,Melaka
90,2023-01-01,6.6,infant,Melaka
103,2024-01-01,8.2,infant,Melaka
30,2000-01-01,0.5,toddler,Melaka
33,2001-01-01,0.5,toddler,Melaka
21,2002-01-01,0.3,toddler,Melaka
33,2003-01-01,0.5,toddler,Melaka
29,2004-01-01,0.5,toddler,Melaka
25,2005-01-01,0.4,toddler,Melaka
11,2006-01-01,0.2,toddler,Melaka
24,2007-01-01,0.4,toddler,Melaka
18,2008-01-01,0.3,toddler,Melaka
23,2009-01-01,0.4,toddler,Melaka
18,2010-01-01,0.3,toddler,Melaka
22,2011-01-01,0.4,toddler,Melaka
14,2012-01-01,0.3,toddler,Melaka
17,2013-01-01,0.3,toddler,Melaka
20,2014-01-01,0.4,toddler,Melaka
22,2015-01-01,0.4,toddler,Melaka
14,2016-01-01,0.2,toddler,Melaka
19,2017-01-01,0.3,toddler,Melaka
10,2018-01-01,0.2,toddler,Melaka
18,2019-01-01,0.3,toddler,Melaka
21,2020-01-01,0.3,toddler,Melaka
14,2021-01-01,0.2,toddler,Melaka
27,2022-01-01,0.4,toddler,Melaka
20,2023-01-01,0.4,toddler,Melaka
18,2024-01-01,0.3,toddler,Melaka
145,2000-01-01,7.5,total,Negeri Sembilan
175,2001-01-01,9.9,total,Negeri Sembilan
162,2002-01-01,9.2,total,Negeri Sembilan
175,2003-01-01,10.1,total,Negeri Sembilan
133,2004-01-01,7.8,total,Negeri Sembilan
165,2005-01-01,9.8,total,Negeri Sembilan
179,2006-01-01,10.8,total,Negeri Sembilan
138,2007-01-01,8.0,total,Negeri Sembilan
146,2008-01-01,8.4,total,Negeri Sembilan
177,2009-01-01,10.2,total,Negeri Sembilan
155,2010-01-01,9.2,total,Negeri Sembilan
150,2011-01-01,8.5,total,Negeri Sembilan
151,2012-01-01,8.4,total,Negeri Sembilan
157,2013-01-01,9.0,total,Negeri Sembilan
150,2014-01-01,8.0,total,Negeri Sembilan
154,2015-01-01,8.4,total,Negeri Sembilan
135,2016-01-01,7.5,total,Negeri Sembilan
179,2017-01-01,9.9,total,Negeri Sembilan
189,2018-01-01,10.4,total,Negeri Sembilan
160,2019-01-01,9.2,total,Negeri Sembilan
128,2020-01-01,7.5,total,Negeri Sembilan
125,2021-01-01,7.5,total,Negeri Sembilan
127,2022-01-01,7.9,total,Negeri Sembilan
148,2023-01-01,8.9,total,Negeri Sembilan
159,2024-01-01,10.8,total,Negeri Sembilan
93,2000-01-01,4.8,perinatal,Negeri Sembilan
131,2001-01-01,7.4,perinatal,Negeri Sembilan
134,2002-01-01,7.6,perinatal,Negeri Sembilan
155,2003-01-01,8.9,perinatal,Negeri Sembilan
144,2004-01-01,8.4,perinatal,Negeri Sembilan
144,2005-01-01,8.5,perinatal,Negeri Sembilan
145,2006-01-01,8.7,perinatal,Negeri Sembilan
130,2007-01-01,7.5,perinatal,Negeri Sembilan
146,2008-01-01,8.4,perinatal,Negeri Sembilan
165,2009-01-01,9.5,perinatal,Negeri Sembilan
147,2010-01-01,8.6,perinatal,Negeri Sembilan
137,2011-01-01,7.7,perinatal,Negeri Sembilan
148,2012-01-01,8.2,perinatal,Negeri Sembilan
144,2013-01-01,8.2,perinatal,Negeri Sembilan
131,2014-01-01,7.0,perinatal,Negeri Sembilan
146,2015-01-01,7.9,perinatal,Negeri Sembilan
135,2016-01-01,7.5,perinatal,Negeri Sembilan
177,2017-01-01,9.7,perinatal,Negeri Sembilan
172,2018-01-01,9.4,perinatal,Negeri Sembilan
154,2019-01-01,8.8,perinatal,Negeri Sembilan
139,2020-01-01,8.1,perinatal,Negeri Sembilan
114,2021-01-01,6.8,perinatal,Negeri Sembilan
111,2022-01-01,6.9,perinatal,Negeri Sembilan
115,2023-01-01,6.9,perinatal,Negeri Sembilan
130,2024-01-01,8.8,perinatal,Negeri Sembilan
70,2000-01-01,3.6,neonatal,Negeri Sembilan
74,2001-01-01,4.2,neonatal,Negeri Sembilan
71,2002-01-01,4.0,neonatal,Negeri Sembilan
91,2003-01-01,5.3,neonatal,Negeri Sembilan
57,2004-01-01,3.3,neonatal,Negeri Sembilan
73,2005-01-01,4.3,neonatal,Negeri Sembilan
91,2006-01-01,5.5,neonatal,Negeri Sembilan
70,2007-01-01,4.1,neonatal,Negeri Sembilan
75,2008-01-01,4.3,neonatal,Negeri Sembilan
100,2009-01-01,5.8,neonatal,Negeri Sembilan
78,2010-01-01,4.6,neonatal,Negeri Sembilan
73,2011-01-01,4.1,neonatal,Negeri Sembilan
86,2012-01-01,4.8,neonatal,Negeri Sembilan
82,2013-01-01,4.7,neonatal,Negeri Sembilan
83,2014-01-01,4.4,neonatal,Negeri Sembilan
88,2015-01-01,4.8,neonatal,Negeri Sembilan
78,2016-01-01,4.3,neonatal,Negeri Sembilan
103,2017-01-01,5.7,neonatal,Negeri Sembilan
111,2018-01-01,6.1,neonatal,Negeri Sembilan
91,2019-01-01,5.2,neonatal,Negeri Sembilan
70,2020-01-01,4.1,neonatal,Negeri Sembilan
72,2021-01-01,4.3,neonatal,Negeri Sembilan
63,2022-01-01,3.9,neonatal,Negeri Sembilan
74,2023-01-01,4.5,neonatal,Negeri Sembilan
90,2024-01-01,6.1,neonatal,Negeri Sembilan
110,2000-01-01,5.7,infant,Negeri Sembilan
133,2001-01-01,7.5,infant,Negeri Sembilan
132,2002-01-01,7.5,infant,Negeri Sembilan
142,2003-01-01,8.2,infant,Negeri Sembilan
101,2004-01-01,5.9,infant,Negeri Sembilan
140,2005-01-01,8.3,infant,Negeri Sembilan
142,2006-01-01,8.5,infant,Negeri Sembilan
107,2007-01-01,6.2,infant,Negeri Sembilan
119,2008-01-01,6.9,infant,Negeri Sembilan
154,2009-01-01,8.9,infant,Negeri Sembilan
122,2010-01-01,7.2,infant,Negeri Sembilan
126,2011-01-01,7.1,infant,Negeri Sembilan
135,2012-01-01,7.5,infant,Negeri Sembilan
129,2013-01-01,7.4,infant,Negeri Sembilan
129,2014-01-01,6.9,infant,Negeri Sembilan
128,2015-01-01,6.9,infant,Negeri Sembilan
116,2016-01-01,6.4,infant,Negeri Sembilan
148,2017-01-01,8.2,infant,Negeri Sembilan
162,2018-01-01,8.9,infant,Negeri Sembilan
134,2019-01-01,7.7,infant,Negeri Sembilan
104,2020-01-01,6.1,infant,Negeri Sembilan
111,2021-01-01,6.6,infant,Negeri Sembilan
99,2022-01-01,6.2,infant,Negeri Sembilan
115,2023-01-01,6.9,infant,Negeri Sembilan
138,2024-01-01,9.4,infant,Negeri Sembilan
35,2000-01-01,0.5,toddler,Negeri Sembilan
42,2001-01-01,0.5,toddler,Negeri Sembilan
30,2002-01-01,0.4,toddler,Negeri Sembilan
33,2003-01-01,0.4,toddler,Negeri Sembilan
32,2004-01-01,0.4,toddler,Negeri Sembilan
25,2005-01-01,0.3,toddler,Negeri Sembilan
37,2006-01-01,0.5,toddler,Negeri Sembilan
31,2007-01-01,0.4,toddler,Negeri Sembilan
27,2008-01-01,0.4,toddler,Negeri Sembilan
23,2009-01-01,0.3,toddler,Negeri Sembilan
33,2010-01-01,0.5,toddler,Negeri Sembilan
24,2011-01-01,0.4,toddler,Negeri Sembilan
16,2012-01-01,0.2,toddler,Negeri Sembilan
28,2013-01-01,0.4,toddler,Negeri Sembilan
21,2014-01-01,0.3,toddler,Negeri Sembilan
26,2015-01-01,0.4,toddler,Negeri Sembilan
19,2016-01-01,0.3,toddler,Negeri Sembilan
31,2017-01-01,0.4,toddler,Negeri Sembilan
27,2018-01-01,0.4,toddler,Negeri Sembilan
26,2019-01-01,0.4,toddler,Negeri Sembilan
24,2020-01-01,0.3,toddler,Negeri Sembilan
14,2021-01-01,0.2,toddler,Negeri Sembilan
28,2022-01-01,0.4,toddler,Negeri Sembilan
33,2023-01-01,0.5,toddler,Negeri Sembilan
21,2024-01-01,0.3,toddler,Negeri Sembilan
336,2000-01-01,11.4,total,Pahang
325,2001-01-01,11.8,total,Pahang
345,2002-01-01,12.9,total,Pahang
319,2003-01-01,12.2,total,Pahang
334,2004-01-01,12.9,total,Pahang
325,2005-01-01,12.6,total,Pahang
303,2006-01-01,12.2,total,Pahang
277,2007-01-01,11.1,total,Pahang
268,2008-01-01,10.4,total,Pahang
307,2009-01-01,11.8,total,Pahang
263,2010-01-01,10.1,total,Pahang
318,2011-01-01,11.7,total,Pahang
292,2012-01-01,10.7,total,Pahang
310,2013-01-01,11.5,total,Pahang
270,2014-01-01,9.4,total,Pahang
273,2015-01-01,9.7,total,Pahang
254,2016-01-01,9.2,total,Pahang
257,2017-01-01,9.3,total,Pahang
244,2018-01-01,9.0,total,Pahang
238,2019-01-01,9.2,total,Pahang
179,2020-01-01,7.1,total,Pahang
173,2021-01-01,7.1,total,Pahang
227,2022-01-01,9.6,total,Pahang
233,2023-01-01,9.6,total,Pahang
173,2024-01-01,8.0,total,Pahang
220,2000-01-01,7.4,perinatal,Pahang
246,2001-01-01,8.9,perinatal,Pahang
253,2002-01-01,9.4,perinatal,Pahang
227,2003-01-01,8.6,perinatal,Pahang
254,2004-01-01,9.7,perinatal,Pahang
234,2005-01-01,9.1,perinatal,Pahang
225,2006-01-01,9.0,perinatal,Pahang
221,2007-01-01,8.8,perinatal,Pahang
204,2008-01-01,7.9,perinatal,Pahang
214,2009-01-01,8.2,perinatal,Pahang
198,2010-01-01,7.6,perinatal,Pahang
255,2011-01-01,9.4,perinatal,Pahang
233,2012-01-01,8.5,perinatal,Pahang
247,2013-01-01,9.1,perinatal,Pahang
255,2014-01-01,8.8,perinatal,Pahang
253,2015-01-01,9.0,perinatal,Pahang
239,2016-01-01,8.6,perinatal,Pahang
254,2017-01-01,9.2,perinatal,Pahang
258,2018-01-01,9.5,perinatal,Pahang
228,2019-01-01,8.8,perinatal,Pahang
175,2020-01-01,6.9,perinatal,Pahang
192,2021-01-01,7.8,perinatal,Pahang
193,2022-01-01,8.1,perinatal,Pahang
208,2023-01-01,8.6,perinatal,Pahang
194,2024-01-01,9.0,perinatal,Pahang
142,2000-01-01,4.8,neonatal,Pahang
116,2001-01-01,4.2,neonatal,Pahang
132,2002-01-01,4.9,neonatal,Pahang
112,2003-01-01,4.3,neonatal,Pahang
126,2004-01-01,4.9,neonatal,Pahang
141,2005-01-01,5.5,neonatal,Pahang
120,2006-01-01,4.8,neonatal,Pahang
96,2007-01-01,3.8,neonatal,Pahang
112,2008-01-01,4.4,neonatal,Pahang
127,2009-01-01,4.9,neonatal,Pahang
111,2010-01-01,4.3,neonatal,Pahang
152,2011-01-01,5.6,neonatal,Pahang
130,2012-01-01,4.7,neonatal,Pahang
165,2013-01-01,6.1,neonatal,Pahang
118,2014-01-01,4.1,neonatal,Pahang
131,2015-01-01,4.7,neonatal,Pahang
119,2016-01-01,4.3,neonatal,Pahang
130,2017-01-01,4.7,neonatal,Pahang
125,2018-01-01,4.6,neonatal,Pahang
119,2019-01-01,4.6,neonatal,Pahang
88,2020-01-01,3.5,neonatal,Pahang
109,2021-01-01,4.4,neonatal,Pahang
94,2022-01-01,4.0,neonatal,Pahang
125,2023-01-01,5.2,neonatal,Pahang
89,2024-01-01,4.1,neonatal,Pahang
256,2000-01-01,8.7,infant,Pahang
221,2001-01-01,8.0,infant,Pahang
247,2002-01-01,9.2,infant,Pahang
228,2003-01-01,8.7,infant,Pahang
247,2004-01-01,9.5,infant,Pahang
245,2005-01-01,9.5,infant,Pahang
217,2006-01-01,8.7,infant,Pahang
201,2007-01-01,8.1,infant,Pahang
197,2008-01-01,7.7,infant,Pahang
229,2009-01-01,8.8,infant,Pahang
197,2010-01-01,7.6,infant,Pahang
256,2011-01-01,9.5,infant,Pahang
219,2012-01-01,8.0,infant,Pahang
253,2013-01-01,9.4,infant,Pahang
213,2014-01-01,7.4,infant,Pahang
216,2015-01-01,7.7,infant,Pahang
204,2016-01-01,7.4,infant,Pahang
205,2017-01-01,7.4,infant,Pahang
197,2018-01-01,7.3,infant,Pahang
187,2019-01-01,7.2,infant,Pahang
148,2020-01-01,5.8,infant,Pahang
148,2021-01-01,6.0,infant,Pahang
164,2022-01-01,7.0,infant,Pahang
198,2023-01-01,8.2,infant,Pahang
138,2024-01-01,6.4,infant,Pahang
80,2000-01-01,0.7,toddler,Pahang
104,2001-01-01,0.9,toddler,Pahang
98,2002-01-01,0.8,toddler,Pahang
91,2003-01-01,0.8,toddler,Pahang
87,2004-01-01,0.8,toddler,Pahang
80,2005-01-01,0.7,toddler,Pahang
86,2006-01-01,0.8,toddler,Pahang
76,2007-01-01,0.7,toddler,Pahang
71,2008-01-01,0.6,toddler,Pahang
78,2009-01-01,0.7,toddler,Pahang
66,2010-01-01,0.6,toddler,Pahang
62,2011-01-01,0.5,toddler,Pahang
73,2012-01-01,0.6,toddler,Pahang
57,2013-01-01,0.5,toddler,Pahang
57,2014-01-01,0.5,toddler,Pahang
57,2015-01-01,0.5,toddler,Pahang
50,2016-01-01,0.4,toddler,Pahang
52,2017-01-01,0.5,toddler,Pahang
47,2018-01-01,0.4,toddler,Pahang
51,2019-01-01,0.5,toddler,Pahang
31,2020-01-01,0.3,toddler,Pahang
25,2021-01-01,0.2,toddler,Pahang
63,2022-01-01,0.6,toddler,Pahang
35,2023-01-01,0.4,toddler,Pahang
35,2024-01-01,0.4,toddler,Pahang
463,2000-01-01,9.5,total,Perak
393,2001-01-01,9.0,total,Perak
448,2002-01-01,10.6,total,Perak
391,2003-01-01,9.8,total,Perak
411,2004-01-01,10.5,total,Perak
386,2005-01-01,10.3,total,Perak
315,2006-01-01,8.6,total,Perak
347,2007-01-01,9.5,total,Perak
306,2008-01-01,8.2,total,Perak
387,2009-01-01,10.4,total,Perak
381,2010-01-01,10.6,total,Perak
306,2011-01-01,8.2,total,Perak
316,2012-01-01,8.4,total,Perak
320,2013-01-01,9.0,total,Perak
284,2014-01-01,7.8,total,Perak
295,2015-01-01,8.1,total,Perak
308,2016-01-01,8.6,total,Perak
296,2017-01-01,8.5,total,Perak
284,2018-01-01,8.4,total,Perak
294,2019-01-01,8.9,total,Perak
246,2020-01-01,7.8,total,Perak
220,2021-01-01,7.1,total,Perak
265,2022-01-01,9.0,total,Perak
260,2023-01-01,8.5,total,Perak
248,2024-01-01,9.0,total,Perak
134,2000-01-01,2.8,perinatal,Perak
332,2001-01-01,7.6,perinatal,Perak
327,2002-01-01,7.7,perinatal,Perak
316,2003-01-01,7.9,perinatal,Perak
306,2004-01-01,7.8,perinatal,Perak
277,2005-01-01,7.4,perinatal,Perak
278,2006-01-01,7.5,perinatal,Perak
281,2007-01-01,7.6,perinatal,Perak
285,2008-01-01,7.6,perinatal,Perak
287,2009-01-01,7.7,perinatal,Perak
305,2010-01-01,8.4,perinatal,Perak
300,2011-01-01,8.0,perinatal,Perak
256,2012-01-01,6.8,perinatal,Perak
286,2013-01-01,8.0,perinatal,Perak
250,2014-01-01,6.8,perinatal,Perak
260,2015-01-01,7.1,perinatal,Perak
331,2016-01-01,9.2,perinatal,Perak
297,2017-01-01,8.5,perinatal,Perak
265,2018-01-01,7.8,perinatal,Perak
309,2019-01-01,9.3,perinatal,Perak
275,2020-01-01,8.7,perinatal,Perak
244,2021-01-01,7.9,perinatal,Perak
227,2022-01-01,7.7,perinatal,Perak
268,2023-01-01,8.7,perinatal,Perak
241,2024-01-01,8.7,perinatal,Perak
157,2000-01-01,3.2,neonatal,Perak
151,2001-01-01,3.5,neonatal,Perak
161,2002-01-01,3.8,neonatal,Perak
139,2003-01-01,3.5,neonatal,Perak
159,2004-01-01,4.1,neonatal,Perak
143,2005-01-01,3.8,neonatal,Perak
132,2006-01-01,3.6,neonatal,Perak
148,2007-01-01,4.0,neonatal,Perak
134,2008-01-01,3.6,neonatal,Perak
165,2009-01-01,4.4,neonatal,Perak
177,2010-01-01,4.9,neonatal,Perak
149,2011-01-01,4.0,neonatal,Perak
158,2012-01-01,4.2,neonatal,Perak
159,2013-01-01,4.5,neonatal,Perak
143,2014-01-01,3.9,neonatal,Perak
143,2015-01-01,3.9,neonatal,Perak
157,2016-01-01,4.4,neonatal,Perak
161,2017-01-01,4.6,neonatal,Perak
150,2018-01-01,4.4,neonatal,Perak
147,2019-01-01,4.5,neonatal,Perak
145,2020-01-01,4.6,neonatal,Perak
130,2021-01-01,4.2,neonatal,Perak
139,2022-01-01,4.7,neonatal,Perak
141,2023-01-01,4.6,neonatal,Perak
139,2024-01-01,5.0,neonatal,Perak
347,2000-01-01,7.1,infant,Perak
282,2001-01-01,6.5,infant,Perak
302,2002-01-01,7.1,infant,Perak
270,2003-01-01,6.8,infant,Perak
301,2004-01-01,7.7,infant,Perak
277,2005-01-01,7.4,infant,Perak
216,2006-01-01,5.9,infant,Perak
253,2007-01-01,6.9,infant,Perak
232,2008-01-01,6.2,infant,Perak
269,2009-01-01,7.2,infant,Perak
289,2010-01-01,8.0,infant,Perak
233,2011-01-01,6.2,infant,Perak
249,2012-01-01,6.6,infant,Perak
237,2013-01-01,6.7,infant,Perak
227,2014-01-01,6.2,infant,Perak
234,2015-01-01,6.4,infant,Perak
245,2016-01-01,6.9,infant,Perak
242,2017-01-01,6.9,infant,Perak
223,2018-01-01,6.6,infant,Perak
231,2019-01-01,7.0,infant,Perak
203,2020-01-01,6.4,infant,Perak
192,2021-01-01,6.2,infant,Perak
216,2022-01-01,7.3,infant,Perak
220,2023-01-01,7.2,infant,Perak
210,2024-01-01,7.6,infant,Perak
116,2000-01-01,0.6,toddler,Perak
111,2001-01-01,0.6,toddler,Perak
146,2002-01-01,0.7,toddler,Perak
121,2003-01-01,0.6,toddler,Perak
110,2004-01-01,0.6,toddler,Perak
109,2005-01-01,0.6,toddler,Perak
99,2006-01-01,0.6,toddler,Perak
94,2007-01-01,0.6,toddler,Perak
74,2008-01-01,0.5,toddler,Perak
118,2009-01-01,0.8,toddler,Perak
92,2010-01-01,0.6,toddler,Perak
73,2011-01-01,0.5,toddler,Perak
67,2012-01-01,0.5,toddler,Perak
83,2013-01-01,0.6,toddler,Perak
57,2014-01-01,0.4,toddler,Perak
61,2015-01-01,0.4,toddler,Perak
63,2016-01-01,0.4,toddler,Perak
54,2017-01-01,0.4,toddler,Perak
61,2018-01-01,0.4,toddler,Perak
63,2019-01-01,0.5,toddler,Perak
43,2020-01-01,0.3,toddler,Perak
28,2021-01-01,0.2,toddler,Perak
49,2022-01-01,0.4,toddler,Perak
40,2023-01-01,0.3,toddler,Perak
38,2024-01-01,0.3,toddler,Perak
51,2000-01-01,11.0,total,Perlis
41,2001-01-01,9.4,total,Perlis
43,2002-01-01,10.2,total,Perlis
38,2003-01-01,9.4,total,Perlis
33,2004-01-01,8.3,total,Perlis
41,2005-01-01,10.4,total,Perlis
39,2006-01-01,10.0,total,Perlis
38,2007-01-01,9.6,total,Perlis
45,2008-01-01,10.8,total,Perlis
40,2009-01-01,9.4,total,Perlis
41,2010-01-01,10.0,total,Perlis
53,2011-01-01,12.7,total,Perlis
37,2012-01-01,8.9,total,Perlis
41,2013-01-01,10.1,total,Perlis
36,2014-01-01,8.0,total,Perlis
38,2015-01-01,8.8,total,Perlis
30,2016-01-01,6.8,total,Perlis
30,2017-01-01,6.7,total,Perlis
45,2018-01-01,10.3,total,Perlis
30,2019-01-01,7.4,total,Perlis
43,2020-01-01,10.5,total,Perlis
39,2021-01-01,9.6,total,Perlis
44,2022-01-01,11.7,total,Perlis
28,2023-01-01,7.2,total,Perlis
36,2024-01-01,10.1,total,Perlis
52,2000-01-01,11.1,perinatal,Perlis
42,2001-01-01,9.6,perinatal,Perlis
48,2002-01-01,11.3,perinatal,Perlis
42,2003-01-01,10.3,perinatal,Perlis
44,2004-01-01,11.0,perinatal,Perlis
37,2005-01-01,9.3,perinatal,Perlis
43,2006-01-01,11.0,perinatal,Perlis
36,2007-01-01,9.1,perinatal,Perlis
37,2008-01-01,8.8,perinatal,Perlis
31,2009-01-01,7.3,perinatal,Perlis
44,2010-01-01,10.6,perinatal,Perlis
43,2011-01-01,10.3,perinatal,Perlis
34,2012-01-01,8.2,perinatal,Perlis
36,2013-01-01,8.9,perinatal,Perlis
40,2014-01-01,8.8,perinatal,Perlis
42,2015-01-01,9.7,perinatal,Perlis
33,2016-01-01,7.5,perinatal,Perlis
36,2017-01-01,8.1,perinatal,Perlis
40,2018-01-01,9.1,perinatal,Perlis
45,2019-01-01,11.0,perinatal,Perlis
43,2020-01-01,10.4,perinatal,Perlis
29,2021-01-01,7.1,perinatal,Perlis
35,2022-01-01,9.3,perinatal,Perlis
41,2023-01-01,10.5,perinatal,Perlis
31,2024-01-01,8.7,perinatal,Perlis
26,2000-01-01,5.6,neonatal,Perlis
23,2001-01-01,5.3,neonatal,Perlis
22,2002-01-01,5.2,neonatal,Perlis
20,2003-01-01,4.9,neonatal,Perlis
17,2004-01-01,4.3,neonatal,Perlis
13,2005-01-01,3.3,neonatal,Perlis
21,2006-01-01,5.4,neonatal,Perlis
23,2007-01-01,5.8,neonatal,Perlis
25,2008-01-01,6.0,neonatal,Perlis
20,2009-01-01,4.7,neonatal,Perlis
24,2010-01-01,5.8,neonatal,Perlis
26,2011-01-01,6.2,neonatal,Perlis
17,2012-01-01,4.1,neonatal,Perlis
31,2013-01-01,7.7,neonatal,Perlis
22,2014-01-01,4.9,neonatal,Perlis
23,2015-01-01,5.3,neonatal,Perlis
17,2016-01-01,3.9,neonatal,Perlis
11,2017-01-01,2.5,neonatal,Perlis
28,2018-01-01,6.4,neonatal,Perlis
18,2019-01-01,4.4,neonatal,Perlis
27,2020-01-01,6.6,neonatal,Perlis
21,2021-01-01,5.2,neonatal,Perlis
24,2022-01-01,6.4,neonatal,Perlis
20,2023-01-01,5.2,neonatal,Perlis
23,2024-01-01,6.4,neonatal,Perlis
41,2000-01-01,8.8,infant,Perlis
34,2001-01-01,7.8,infant,Perlis
34,2002-01-01,8.0,infant,Perlis
32,2003-01-01,7.9,infant,Perlis
27,2004-01-01,6.8,infant,Perlis
31,2005-01-01,7.9,infant,Perlis
31,2006-01-01,8.0,infant,Perlis
29,2007-01-01,7.3,infant,Perlis
34,2008-01-01,8.1,infant,Perlis
32,2009-01-01,7.6,infant,Perlis
33,2010-01-01,8.0,infant,Perlis
40,2011-01-01,9.6,infant,Perlis
27,2012-01-01,6.5,infant,Perlis
36,2013-01-01,8.9,infant,Perlis
34,2014-01-01,7.5,infant,Perlis
35,2015-01-01,8.1,infant,Perlis
26,2016-01-01,5.9,infant,Perlis
25,2017-01-01,5.6,infant,Perlis
39,2018-01-01,8.9,infant,Perlis
24,2019-01-01,5.9,infant,Perlis
35,2020-01-01,8.5,infant,Perlis
31,2021-01-01,7.6,infant,Perlis
35,2022-01-01,9.3,infant,Perlis
24,2023-01-01,6.2,infant,Perlis
31,2024-01-01,8.7,infant,Perlis
10,2000-01-01,0.5,toddler,Perlis
7,2001-01-01,0.4,toddler,Perlis
9,2002-01-01,0.5,toddler,Perlis
6,2003-01-01,0.3,toddler,Perlis
6,2004-01-01,0.3,toddler,Perlis
10,2005-01-01,0.6,toddler,Perlis
8,2006-01-01,0.5,toddler,Perlis
9,2007-01-01,0.6,toddler,Perlis
11,2008-01-01,0.7,toddler,Perlis
8,2009-01-01,0.5,toddler,Perlis
8,2010-01-01,0.5,toddler,Perlis
13,2011-01-01,0.8,toddler,Perlis
10,2012-01-01,0.6,toddler,Perlis
5,2013-01-01,0.3,toddler,Perlis
2,2014-01-01,0.1,toddler,Perlis
3,2015-01-01,0.2,toddler,Perlis
4,2016-01-01,0.2,toddler,Perlis
5,2017-01-01,0.3,toddler,Perlis
6,2018-01-01,0.3,toddler,Perlis
6,2019-01-01,0.3,toddler,Perlis
8,2020-01-01,0.5,toddler,Perlis
8,2021-01-01,0.5,toddler,Perlis
9,2022-01-01,0.6,toddler,Perlis
4,2023-01-01,0.2,toddler,Perlis
5,2024-01-01,0.3,toddler,Perlis
230,2000-01-01,8.4,total,Pulau Pinang
188,2001-01-01,7.6,total,Pulau Pinang
236,2002-01-01,9.5,total,Pulau Pinang
199,2003-01-01,8.5,total,Pulau Pinang
231,2004-01-01,10.1,total,Pulau Pinang
179,2005-01-01,7.9,total,Pulau Pinang
195,2006-01-01,8.9,total,Pulau Pinang
169,2007-01-01,7.5,total,Pulau Pinang
164,2008-01-01,7.1,total,Pulau Pinang
170,2009-01-01,7.5,total,Pulau Pinang
179,2010-01-01,8.5,total,Pulau Pinang
189,2011-01-01,8.5,total,Pulau Pinang
184,2012-01-01,7.7,total,Pulau Pinang
157,2013-01-01,7.3,total,Pulau Pinang
160,2014-01-01,7.0,total,Pulau Pinang
166,2015-01-01,7.5,total,Pulau Pinang
174,2016-01-01,8.0,total,Pulau Pinang
150,2017-01-01,7.0,total,Pulau Pinang
158,2018-01-01,7.6,total,Pulau Pinang
132,2019-01-01,6.5,total,Pulau Pinang
122,2020-01-01,6.2,total,Pulau Pinang
115,2021-01-01,6.2,total,Pulau Pinang
125,2022-01-01,7.0,total,Pulau Pinang
134,2023-01-01,6.8,total,Pulau Pinang
130,2024-01-01,7.2,total,Pulau Pinang
122,2000-01-01,4.5,perinatal,Pulau Pinang
159,2001-01-01,6.4,perinatal,Pulau Pinang
193,2002-01-01,7.8,perinatal,Pulau Pinang
176,2003-01-01,7.5,perinatal,Pulau Pinang
200,2004-01-01,8.7,perinatal,Pulau Pinang
166,2005-01-01,7.3,perinatal,Pulau Pinang
198,2006-01-01,8.9,perinatal,Pulau Pinang
168,2007-01-01,7.5,perinatal,Pulau Pinang
170,2008-01-01,7.4,perinatal,Pulau Pinang
171,2009-01-01,7.5,perinatal,Pulau Pinang
159,2010-01-01,7.5,perinatal,Pulau Pinang
187,2011-01-01,8.3,perinatal,Pulau Pinang
172,2012-01-01,7.2,perinatal,Pulau Pinang
150,2013-01-01,6.9,perinatal,Pulau Pinang
144,2014-01-01,6.3,perinatal,Pulau Pinang
182,2015-01-01,8.1,perinatal,Pulau Pinang
205,2016-01-01,9.4,perinatal,Pulau Pinang
169,2017-01-01,7.8,perinatal,Pulau Pinang
191,2018-01-01,9.2,perinatal,Pulau Pinang
175,2019-01-01,8.6,perinatal,Pulau Pinang
154,2020-01-01,7.8,perinatal,Pulau Pinang
149,2021-01-01,8.0,perinatal,Pulau Pinang
144,2022-01-01,8.1,perinatal,Pulau Pinang
132,2023-01-01,6.7,perinatal,Pulau Pinang
130,2024-01-01,7.1,perinatal,Pulau Pinang
122,2000-01-01,4.5,neonatal,Pulau Pinang
99,2001-01-01,4.0,neonatal,Pulau Pinang
116,2002-01-01,4.7,neonatal,Pulau Pinang
102,2003-01-01,4.3,neonatal,Pulau Pinang
112,2004-01-01,4.9,neonatal,Pulau Pinang
92,2005-01-01,4.1,neonatal,Pulau Pinang
101,2006-01-01,4.6,neonatal,Pulau Pinang
86,2007-01-01,3.8,neonatal,Pulau Pinang
84,2008-01-01,3.7,neonatal,Pulau Pinang
99,2009-01-01,4.3,neonatal,Pulau Pinang
98,2010-01-01,4.6,neonatal,Pulau Pinang
110,2011-01-01,4.9,neonatal,Pulau Pinang
105,2012-01-01,4.4,neonatal,Pulau Pinang
85,2013-01-01,4.0,neonatal,Pulau Pinang
80,2014-01-01,3.5,neonatal,Pulau Pinang
103,2015-01-01,4.6,neonatal,Pulau Pinang
101,2016-01-01,4.6,neonatal,Pulau Pinang
83,2017-01-01,3.9,neonatal,Pulau Pinang
89,2018-01-01,4.3,neonatal,Pulau Pinang
80,2019-01-01,4.0,neonatal,Pulau Pinang
70,2020-01-01,3.6,neonatal,Pulau Pinang
66,2021-01-01,3.6,neonatal,Pulau Pinang
63,2022-01-01,3.6,neonatal,Pulau Pinang
70,2023-01-01,3.6,neonatal,Pulau Pinang
67,2024-01-01,3.7,neonatal,Pulau Pinang
192,2000-01-01,7.0,infant,Pulau Pinang
160,2001-01-01,6.5,infant,Pulau Pinang
200,2002-01-01,8.1,infant,Pulau Pinang
149,2003-01-01,6.3,infant,Pulau Pinang
185,2004-01-01,8.1,infant,Pulau Pinang
144,2005-01-01,6.4,infant,Pulau Pinang
163,2006-01-01,7.4,infant,Pulau Pinang
129,2007-01-01,5.8,infant,Pulau Pinang
137,2008-01-01,6.0,infant,Pulau Pinang
145,2009-01-01,6.4,infant,Pulau Pinang
145,2010-01-01,6.8,infant,Pulau Pinang
161,2011-01-01,7.2,infant,Pulau Pinang
156,2012-01-01,6.6,infant,Pulau Pinang
130,2013-01-01,6.0,infant,Pulau Pinang
128,2014-01-01,5.6,infant,Pulau Pinang
140,2015-01-01,6.3,infant,Pulau Pinang
141,2016-01-01,6.5,infant,Pulau Pinang
125,2017-01-01,5.8,infant,Pulau Pinang
133,2018-01-01,6.4,infant,Pulau Pinang
112,2019-01-01,5.5,infant,Pulau Pinang
102,2020-01-01,5.2,infant,Pulau Pinang
100,2021-01-01,5.4,infant,Pulau Pinang
102,2022-01-01,5.8,infant,Pulau Pinang
110,2023-01-01,5.6,infant,Pulau Pinang
111,2024-01-01,6.1,infant,Pulau Pinang
38,2000-01-01,0.3,toddler,Pulau Pinang
28,2001-01-01,0.2,toddler,Pulau Pinang
36,2002-01-01,0.3,toddler,Pulau Pinang
50,2003-01-01,0.5,toddler,Pulau Pinang
46,2004-01-01,0.4,toddler,Pulau Pinang
35,2005-01-01,0.4,toddler,Pulau Pinang
32,2006-01-01,0.3,toddler,Pulau Pinang
40,2007-01-01,0.4,toddler,Pulau Pinang
27,2008-01-01,0.3,toddler,Pulau Pinang
25,2009-01-01,0.3,toddler,Pulau Pinang
34,2010-01-01,0.4,toddler,Pulau Pinang
28,2011-01-01,0.3,toddler,Pulau Pinang
28,2012-01-01,0.3,toddler,Pulau Pinang
27,2013-01-01,0.3,toddler,Pulau Pinang
32,2014-01-01,0.4,toddler,Pulau Pinang
26,2015-01-01,0.3,toddler,Pulau Pinang
33,2016-01-01,0.4,toddler,Pulau Pinang
25,2017-01-01,0.3,toddler,Pulau Pinang
25,2018-01-01,0.3,toddler,Pulau Pinang
20,2019-01-01,0.2,toddler,Pulau Pinang
20,2020-01-01,0.2,toddler,Pulau Pinang
15,2021-01-01,0.2,toddler,Pulau Pinang
23,2022-01-01,0.3,toddler,Pulau Pinang
24,2023-01-01,0.3,toddler,Pulau Pinang
19,2024-01-01,0.2,toddler,Pulau Pinang
57,2000-01-01,1.2,total,Sabah
121,2001-01-01,2.5,total,Sabah
160,2002-01-01,3.5,total,Sabah
149,2003-01-01,3.4,total,Sabah
147,2004-01-01,3.2,total,Sabah
177,2005-01-01,3.8,total,Sabah
165,2006-01-01,3.6,total,Sabah
184,2007-01-01,3.9,total,Sabah
230,2008-01-01,4.6,total,Sabah
251,2009-01-01,4.8,total,Sabah
273,2010-01-01,5.0,total,Sabah
255,2011-01-01,4.6,total,Sabah
244,2012-01-01,4.2,total,Sabah
267,2013-01-01,4.7,total,Sabah
740,2014-01-01,12.9,total,Sabah
766,2015-01-01,14.0,total,Sabah
377,2016-01-01,7.2,total,Sabah
652,2017-01-01,12.4,total,Sabah
671,2018-01-01,12.7,total,Sabah
516,2019-01-01,9.7,total,Sabah
610,2020-01-01,12.3,total,Sabah
499,2021-01-01,12.0,total,Sabah
522,2022-01-01,12.0,total,Sabah
494,2023-01-01,10.6,total,Sabah
509,2024-01-01,12.1,total,Sabah
39,2000-01-01,0.8,perinatal,Sabah
106,2001-01-01,2.2,perinatal,Sabah
117,2002-01-01,2.5,perinatal,Sabah
98,2003-01-01,2.2,perinatal,Sabah
118,2004-01-01,2.6,perinatal,Sabah
145,2005-01-01,3.1,perinatal,Sabah
113,2006-01-01,2.4,perinatal,Sabah
145,2007-01-01,3.1,perinatal,Sabah
191,2008-01-01,3.8,perinatal,Sabah
237,2009-01-01,4.5,perinatal,Sabah
287,2010-01-01,5.3,perinatal,Sabah
272,2011-01-01,4.9,perinatal,Sabah
311,2012-01-01,5.3,perinatal,Sabah
263,2013-01-01,4.6,perinatal,Sabah
438,2014-01-01,7.6,perinatal,Sabah
478,2015-01-01,8.7,perinatal,Sabah
464,2016-01-01,8.9,perinatal,Sabah
630,2017-01-01,11.9,perinatal,Sabah
714,2018-01-01,13.4,perinatal,Sabah
450,2019-01-01,8.4,perinatal,Sabah
572,2020-01-01,11.5,perinatal,Sabah
510,2021-01-01,12.2,perinatal,Sabah
471,2022-01-01,10.7,perinatal,Sabah
466,2023-01-01,10.0,perinatal,Sabah
383,2024-01-01,9.1,perinatal,Sabah
11,2000-01-01,0.2,neonatal,Sabah
40,2001-01-01,0.8,neonatal,Sabah
53,2002-01-01,1.1,neonatal,Sabah
53,2003-01-01,1.2,neonatal,Sabah
50,2004-01-01,1.1,neonatal,Sabah
70,2005-01-01,1.5,neonatal,Sabah
64,2006-01-01,1.4,neonatal,Sabah
71,2007-01-01,1.5,neonatal,Sabah
104,2008-01-01,2.1,neonatal,Sabah
132,2009-01-01,2.5,neonatal,Sabah
142,2010-01-01,2.6,neonatal,Sabah
112,2011-01-01,2.0,neonatal,Sabah
125,2012-01-01,2.1,neonatal,Sabah
113,2013-01-01,2.0,neonatal,Sabah
308,2014-01-01,5.4,neonatal,Sabah
391,2015-01-01,7.1,neonatal,Sabah
171,2016-01-01,3.3,neonatal,Sabah
322,2017-01-01,6.1,neonatal,Sabah
335,2018-01-01,6.3,neonatal,Sabah
213,2019-01-01,4.0,neonatal,Sabah
282,2020-01-01,5.7,neonatal,Sabah
232,2021-01-01,5.6,neonatal,Sabah
227,2022-01-01,5.2,neonatal,Sabah
221,2023-01-01,4.8,neonatal,Sabah
224,2024-01-01,5.3,neonatal,Sabah
34,2000-01-01,0.7,infant,Sabah
85,2001-01-01,1.7,infant,Sabah
114,2002-01-01,2.5,infant,Sabah
105,2003-01-01,2.4,infant,Sabah
105,2004-01-01,2.3,infant,Sabah
128,2005-01-01,2.7,infant,Sabah
111,2006-01-01,2.4,infant,Sabah
135,2007-01-01,2.9,infant,Sabah
189,2008-01-01,3.8,infant,Sabah
211,2009-01-01,4.0,infant,Sabah
225,2010-01-01,4.2,infant,Sabah
209,2011-01-01,3.8,infant,Sabah
191,2012-01-01,3.3,infant,Sabah
206,2013-01-01,3.6,infant,Sabah
576,2014-01-01,10.0,infant,Sabah
614,2015-01-01,11.2,infant,Sabah
298,2016-01-01,5.7,infant,Sabah
502,2017-01-01,9.6,infant,Sabah
534,2018-01-01,10.1,infant,Sabah
401,2019-01-01,7.6,infant,Sabah
471,2020-01-01,9.5,infant,Sabah
374,2021-01-01,9.0,infant,Sabah
392,2022-01-01,9.0,infant,Sabah
382,2023-01-01,8.2,infant,Sabah
405,2024-01-01,9.6,infant,Sabah
23,2000-01-01,0.1,toddler,Sabah
36,2001-01-01,0.1,toddler,Sabah
46,2002-01-01,0.2,toddler,Sabah
44,2003-01-01,0.2,toddler,Sabah
42,2004-01-01,0.2,toddler,Sabah
49,2005-01-01,0.2,toddler,Sabah
54,2006-01-01,0.2,toddler,Sabah
49,2007-01-01,0.2,toddler,Sabah
41,2008-01-01,0.2,toddler,Sabah
40,2009-01-01,0.2,toddler,Sabah
48,2010-01-01,0.2,toddler,Sabah
46,2011-01-01,0.2,toddler,Sabah
53,2012-01-01,0.2,toddler,Sabah
61,2013-01-01,0.2,toddler,Sabah
164,2014-01-01,0.7,toddler,Sabah
152,2015-01-01,0.6,toddler,Sabah
79,2016-01-01,0.3,toddler,Sabah
150,2017-01-01,0.6,toddler,Sabah
137,2018-01-01,0.6,toddler,Sabah
115,2019-01-01,0.5,toddler,Sabah
139,2020-01-01,0.6,toddler,Sabah
125,2021-01-01,0.5,toddler,Sabah
130,2022-01-01,0.6,toddler,Sabah
112,2023-01-01,0.5,toddler,Sabah
104,2024-01-01,0.4,toddler,Sabah
374,2000-01-01,7.8,total,Sarawak
339,2001-01-01,7.4,total,Sarawak
341,2002-01-01,7.6,total,Sarawak
340,2003-01-01,7.7,total,Sarawak
309,2004-01-01,7.1,total,Sarawak
354,2005-01-01,8.2,total,Sarawak
376,2006-01-01,8.8,total,Sarawak
366,2007-01-01,8.6,total,Sarawak
349,2008-01-01,8.0,total,Sarawak
408,2009-01-01,9.3,total,Sarawak
346,2010-01-01,8.3,total,Sarawak
344,2011-01-01,7.9,total,Sarawak
334,2012-01-01,7.7,total,Sarawak
304,2013-01-01,7.5,total,Sarawak
303,2014-01-01,7.4,total,Sarawak
276,2015-01-01,6.9,total,Sarawak
284,2016-01-01,7.5,total,Sarawak
296,2017-01-01,7.9,total,Sarawak
347,2018-01-01,9.5,total,Sarawak
265,2019-01-01,7.2,total,Sarawak
257,2020-01-01,7.2,total,Sarawak
195,2021-01-01,6.2,total,Sarawak
244,2022-01-01,7.9,total,Sarawak
269,2023-01-01,7.9,total,Sarawak
263,2024-01-01,8.7,total,Sarawak
117,2000-01-01,2.4,perinatal,Sarawak
221,2001-01-01,4.8,perinatal,Sarawak
188,2002-01-01,4.2,perinatal,Sarawak
185,2003-01-01,4.2,perinatal,Sarawak
221,2004-01-01,5.1,perinatal,Sarawak
266,2005-01-01,6.1,perinatal,Sarawak
278,2006-01-01,6.5,perinatal,Sarawak
275,2007-01-01,6.4,perinatal,Sarawak
307,2008-01-01,7.0,perinatal,Sarawak
361,2009-01-01,8.2,perinatal,Sarawak
299,2010-01-01,7.2,perinatal,Sarawak
319,2011-01-01,7.3,perinatal,Sarawak
282,2012-01-01,6.5,perinatal,Sarawak
284,2013-01-01,7.0,perinatal,Sarawak
286,2014-01-01,6.9,perinatal,Sarawak
254,2015-01-01,6.4,perinatal,Sarawak
271,2016-01-01,7.1,perinatal,Sarawak
310,2017-01-01,8.2,perinatal,Sarawak
290,2018-01-01,7.9,perinatal,Sarawak
278,2019-01-01,7.5,perinatal,Sarawak
271,2020-01-01,7.6,perinatal,Sarawak
213,2021-01-01,6.8,perinatal,Sarawak
257,2022-01-01,8.3,perinatal,Sarawak
235,2023-01-01,6.9,perinatal,Sarawak
246,2024-01-01,8.1,perinatal,Sarawak
92,2000-01-01,1.9,neonatal,Sarawak
143,2001-01-01,3.1,neonatal,Sarawak
148,2002-01-01,3.3,neonatal,Sarawak
127,2003-01-01,2.9,neonatal,Sarawak
141,2004-01-01,3.2,neonatal,Sarawak
154,2005-01-01,3.6,neonatal,Sarawak
165,2006-01-01,3.8,neonatal,Sarawak
171,2007-01-01,4.0,neonatal,Sarawak
168,2008-01-01,3.9,neonatal,Sarawak
207,2009-01-01,4.7,neonatal,Sarawak
176,2010-01-01,4.2,neonatal,Sarawak
181,2011-01-01,4.2,neonatal,Sarawak
162,2012-01-01,3.8,neonatal,Sarawak
138,2013-01-01,3.4,neonatal,Sarawak
151,2014-01-01,3.7,neonatal,Sarawak
136,2015-01-01,3.4,neonatal,Sarawak
132,2016-01-01,3.5,neonatal,Sarawak
158,2017-01-01,4.2,neonatal,Sarawak
139,2018-01-01,3.8,neonatal,Sarawak
119,2019-01-01,3.2,neonatal,Sarawak
122,2020-01-01,3.4,neonatal,Sarawak
97,2021-01-01,3.1,neonatal,Sarawak
131,2022-01-01,4.2,neonatal,Sarawak
133,2023-01-01,3.9,neonatal,Sarawak
134,2024-01-01,4.4,neonatal,Sarawak
248,2000-01-01,5.2,infant,Sarawak
251,2001-01-01,5.4,infant,Sarawak
256,2002-01-01,5.7,infant,Sarawak
249,2003-01-01,5.7,infant,Sarawak
237,2004-01-01,5.4,infant,Sarawak
265,2005-01-01,6.1,infant,Sarawak
291,2006-01-01,6.8,infant,Sarawak
275,2007-01-01,6.5,infant,Sarawak
272,2008-01-01,6.3,infant,Sarawak
325,2009-01-01,7.4,infant,Sarawak
281,2010-01-01,6.8,infant,Sarawak
281,2011-01-01,6.5,infant,Sarawak
275,2012-01-01,6.4,infant,Sarawak
230,2013-01-01,5.7,infant,Sarawak
236,2014-01-01,5.7,infant,Sarawak
223,2015-01-01,5.6,infant,Sarawak
229,2016-01-01,6.0,infant,Sarawak
238,2017-01-01,6.3,infant,Sarawak
262,2018-01-01,7.2,infant,Sarawak
211,2019-01-01,5.8,infant,Sarawak
204,2020-01-01,5.8,infant,Sarawak
152,2021-01-01,4.9,infant,Sarawak
183,2022-01-01,5.9,infant,Sarawak
217,2023-01-01,6.4,infant,Sarawak
221,2024-01-01,7.3,infant,Sarawak
126,2000-01-01,0.6,toddler,Sarawak
88,2001-01-01,0.4,toddler,Sarawak
85,2002-01-01,0.4,toddler,Sarawak
91,2003-01-01,0.4,toddler,Sarawak
72,2004-01-01,0.4,toddler,Sarawak
89,2005-01-01,0.5,toddler,Sarawak
85,2006-01-01,0.4,toddler,Sarawak
91,2007-01-01,0.5,toddler,Sarawak
77,2008-01-01,0.4,toddler,Sarawak
83,2009-01-01,0.4,toddler,Sarawak
65,2010-01-01,0.4,toddler,Sarawak
63,2011-01-01,0.4,toddler,Sarawak
59,2012-01-01,0.3,toddler,Sarawak
74,2013-01-01,0.4,toddler,Sarawak
67,2014-01-01,0.4,toddler,Sarawak
53,2015-01-01,0.3,toddler,Sarawak
55,2016-01-01,0.3,toddler,Sarawak
58,2017-01-01,0.4,toddler,Sarawak
85,2018-01-01,0.5,toddler,Sarawak
54,2019-01-01,0.4,toddler,Sarawak
53,2020-01-01,0.4,toddler,Sarawak
43,2021-01-01,0.4,toddler,Sarawak
61,2022-01-01,0.5,toddler,Sarawak
52,2023-01-01,0.4,toddler,Sarawak
42,2024-01-01,0.3,toddler,Sarawak
590,2000-01-01,6.4,total,Selangor
581,2001-01-01,6.6,total,Selangor
689,2002-01-01,7.7,total,Selangor
670,2003-01-01,7.4,total,Selangor
653,2004-01-01,7.0,total,Selangor
613,2005-01-01,6.6,total,Selangor
588,2006-01-01,6.2,total,Selangor
618,2007-01-01,6.4,total,Selangor
680,2008-01-01,6.8,total,Selangor
725,2009-01-01,7.0,total,Selangor
688,2010-01-01,7.0,total,Selangor
727,2011-01-01,7.0,total,Selangor
703,2012-01-01,6.5,total,Selangor
765,2013-01-01,7.4,total,Selangor
703,2014-01-01,6.5,total,Selangor
700,2015-01-01,6.5,total,Selangor
776,2016-01-01,7.4,total,Selangor
752,2017-01-01,7.2,total,Selangor
797,2018-01-01,7.8,total,Selangor
739,2019-01-01,7.5,total,Selangor
521,2020-01-01,5.6,total,Selangor
496,2021-01-01,5.5,total,Selangor
611,2022-01-01,7.3,total,Selangor
683,2023-01-01,7.5,total,Selangor
628,2024-01-01,7.6,total,Selangor
362,2000-01-01,3.9,perinatal,Selangor
414,2001-01-01,4.7,perinatal,Selangor
453,2002-01-01,5.0,perinatal,Selangor
548,2003-01-01,6.1,perinatal,Selangor
536,2004-01-01,5.7,perinatal,Selangor
528,2005-01-01,5.7,perinatal,Selangor
547,2006-01-01,5.8,perinatal,Selangor
546,2007-01-01,5.6,perinatal,Selangor
586,2008-01-01,5.8,perinatal,Selangor
643,2009-01-01,6.2,perinatal,Selangor
632,2010-01-01,6.4,perinatal,Selangor
667,2011-01-01,6.4,perinatal,Selangor
677,2012-01-01,6.2,perinatal,Selangor
674,2013-01-01,6.5,perinatal,Selangor
687,2014-01-01,6.3,perinatal,Selangor
683,2015-01-01,6.3,perinatal,Selangor
773,2016-01-01,7.4,perinatal,Selangor
797,2017-01-01,7.6,perinatal,Selangor
811,2018-01-01,7.9,perinatal,Selangor
778,2019-01-01,7.8,perinatal,Selangor
663,2020-01-01,7.1,perinatal,Selangor
634,2021-01-01,7.0,perinatal,Selangor
631,2022-01-01,7.5,perinatal,Selangor
667,2023-01-01,7.3,perinatal,Selangor
628,2024-01-01,7.5,perinatal,Selangor
290,2000-01-01,3.2,neonatal,Selangor
255,2001-01-01,2.9,neonatal,Selangor
290,2002-01-01,3.2,neonatal,Selangor
327,2003-01-01,3.6,neonatal,Selangor
311,2004-01-01,3.3,neonatal,Selangor
297,2005-01-01,3.2,neonatal,Selangor
278,2006-01-01,2.9,neonatal,Selangor
296,2007-01-01,3.0,neonatal,Selangor
339,2008-01-01,3.4,neonatal,Selangor
381,2009-01-01,3.7,neonatal,Selangor
350,2010-01-01,3.6,neonatal,Selangor
395,2011-01-01,3.8,neonatal,Selangor
360,2012-01-01,3.3,neonatal,Selangor
376,2013-01-01,3.6,neonatal,Selangor
342,2014-01-01,3.1,neonatal,Selangor
354,2015-01-01,3.3,neonatal,Selangor
380,2016-01-01,3.6,neonatal,Selangor
386,2017-01-01,3.7,neonatal,Selangor
422,2018-01-01,4.1,neonatal,Selangor
366,2019-01-01,3.7,neonatal,Selangor
280,2020-01-01,3.0,neonatal,Selangor
264,2021-01-01,2.9,neonatal,Selangor
286,2022-01-01,3.4,neonatal,Selangor
348,2023-01-01,3.8,neonatal,Selangor
326,2024-01-01,3.9,neonatal,Selangor
473,2000-01-01,5.2,infant,Selangor
454,2001-01-01,5.2,infant,Selangor
534,2002-01-01,6.0,infant,Selangor
537,2003-01-01,6.0,infant,Selangor
527,2004-01-01,5.7,infant,Selangor
491,2005-01-01,5.3,infant,Selangor
475,2006-01-01,5.0,infant,Selangor
511,2007-01-01,5.3,infant,Selangor
541,2008-01-01,5.4,infant,Selangor
607,2009-01-01,5.9,infant,Selangor
557,2010-01-01,5.7,infant,Selangor
580,2011-01-01,5.6,infant,Selangor
570,2012-01-01,5.3,infant,Selangor
624,2013-01-01,6.0,infant,Selangor
573,2014-01-01,5.3,infant,Selangor
572,2015-01-01,5.3,infant,Selangor
643,2016-01-01,6.1,infant,Selangor
620,2017-01-01,6.0,infant,Selangor
662,2018-01-01,6.5,infant,Selangor
596,2019-01-01,6.0,infant,Selangor
427,2020-01-01,4.6,infant,Selangor
402,2021-01-01,4.5,infant,Selangor
495,2022-01-01,5.9,infant,Selangor
558,2023-01-01,6.2,infant,Selangor
519,2024-01-01,6.2,infant,Selangor
117,2000-01-01,0.3,toddler,Selangor
127,2001-01-01,0.3,toddler,Selangor
155,2002-01-01,0.4,toddler,Selangor
133,2003-01-01,0.4,toddler,Selangor
126,2004-01-01,0.4,toddler,Selangor
122,2005-01-01,0.3,toddler,Selangor
113,2006-01-01,0.3,toddler,Selangor
107,2007-01-01,0.3,toddler,Selangor
139,2008-01-01,0.4,toddler,Selangor
118,2009-01-01,0.3,toddler,Selangor
131,2010-01-01,0.3,toddler,Selangor
147,2011-01-01,0.4,toddler,Selangor
133,2012-01-01,0.4,toddler,Selangor
141,2013-01-01,0.4,toddler,Selangor
130,2014-01-01,0.3,toddler,Selangor
128,2015-01-01,0.3,toddler,Selangor
133,2016-01-01,0.3,toddler,Selangor
132,2017-01-01,0.3,toddler,Selangor
135,2018-01-01,0.3,toddler,Selangor
143,2019-01-01,0.3,toddler,Selangor
94,2020-01-01,0.2,toddler,Selangor
94,2021-01-01,0.2,toddler,Selangor
116,2022-01-01,0.3,toddler,Selangor
125,2023-01-01,0.3,toddler,Selangor
109,2024-01-01,0.3,toddler,Selangor
237,2000-01-01,9.5,total,Terengganu
286,2001-01-01,11.9,total,Terengganu
304,2002-01-01,13.1,total,Terengganu
258,2003-01-01,11.6,total,Terengganu
274,2004-01-01,12.2,total,Terengganu
272,2005-01-01,12.4,total,Terengganu
255,2006-01-01,11.6,total,Terengganu
274,2007-01-01,12.3,total,Terengganu
267,2008-01-01,11.4,total,Terengganu
253,2009-01-01,10.6,total,Terengganu
251,2010-01-01,10.3,total,Terengganu
270,2011-01-01,10.9,total,Terengganu
240,2012-01-01,9.3,total,Terengganu
280,2013-01-01,11.0,total,Terengganu
259,2014-01-01,9.6,total,Terengganu
265,2015-01-01,9.6,total,Terengganu
236,2016-01-01,8.6,total,Terengganu
210,2017-01-01,7.5,total,Terengganu
207,2018-01-01,7.3,total,Terengganu
223,2019-01-01,8.2,total,Terengganu
188,2020-01-01,6.9,total,Terengganu
199,2021-01-01,7.6,total,Terengganu
217,2022-01-01,8.6,total,Terengganu
250,2023-01-01,9.6,total,Terengganu
202,2024-01-01,8.5,total,Terengganu
144,2000-01-01,5.8,perinatal,Terengganu
242,2001-01-01,10.0,perinatal,Terengganu
265,2002-01-01,11.3,perinatal,Terengganu
219,2003-01-01,9.8,perinatal,Terengganu
257,2004-01-01,11.3,perinatal,Terengganu
258,2005-01-01,11.7,perinatal,Terengganu
256,2006-01-01,11.6,perinatal,Terengganu
268,2007-01-01,11.9,perinatal,Terengganu
246,2008-01-01,10.5,perinatal,Terengganu
283,2009-01-01,11.8,perinatal,Terengganu
304,2010-01-01,12.4,perinatal,Terengganu
276,2011-01-01,11.1,perinatal,Terengganu
269,2012-01-01,10.4,perinatal,Terengganu
265,2013-01-01,10.3,perinatal,Terengganu
291,2014-01-01,10.7,perinatal,Terengganu
279,2015-01-01,10.0,perinatal,Terengganu
227,2016-01-01,8.2,perinatal,Terengganu
236,2017-01-01,8.4,perinatal,Terengganu
208,2018-01-01,7.3,perinatal,Terengganu
250,2019-01-01,9.2,perinatal,Terengganu
209,2020-01-01,7.7,perinatal,Terengganu
221,2021-01-01,8.4,perinatal,Terengganu
209,2022-01-01,8.2,perinatal,Terengganu
244,2023-01-01,9.3,perinatal,Terengganu
196,2024-01-01,8.2,perinatal,Terengganu
54,2000-01-01,2.2,neonatal,Terengganu
123,2001-01-01,5.1,neonatal,Terengganu
141,2002-01-01,6.1,neonatal,Terengganu
125,2003-01-01,5.6,neonatal,Terengganu
134,2004-01-01,5.9,neonatal,Terengganu
153,2005-01-01,7.0,neonatal,Terengganu
139,2006-01-01,6.3,neonatal,Terengganu
145,2007-01-01,6.5,neonatal,Terengganu
152,2008-01-01,6.5,neonatal,Terengganu
140,2009-01-01,5.9,neonatal,Terengganu
149,2010-01-01,6.1,neonatal,Terengganu
148,2011-01-01,6.0,neonatal,Terengganu
138,2012-01-01,5.4,neonatal,Terengganu
158,2013-01-01,6.2,neonatal,Terengganu
156,2014-01-01,5.8,neonatal,Terengganu
142,2015-01-01,5.1,neonatal,Terengganu
120,2016-01-01,4.4,neonatal,Terengganu
114,2017-01-01,4.1,neonatal,Terengganu
118,2018-01-01,4.2,neonatal,Terengganu
129,2019-01-01,4.8,neonatal,Terengganu
107,2020-01-01,3.9,neonatal,Terengganu
127,2021-01-01,4.8,neonatal,Terengganu
126,2022-01-01,5.0,neonatal,Terengganu
151,2023-01-01,5.8,neonatal,Terengganu
113,2024-01-01,4.8,neonatal,Terengganu
179,2000-01-01,7.2,infant,Terengganu
226,2001-01-01,9.4,infant,Terengganu
233,2002-01-01,10.0,infant,Terengganu
194,2003-01-01,8.7,infant,Terengganu
218,2004-01-01,9.7,infant,Terengganu
227,2005-01-01,10.3,infant,Terengganu
217,2006-01-01,9.9,infant,Terengganu
226,2007-01-01,10.1,infant,Terengganu
219,2008-01-01,9.4,infant,Terengganu
207,2009-01-01,8.7,infant,Terengganu
202,2010-01-01,8.3,infant,Terengganu
220,2011-01-01,8.9,infant,Terengganu
196,2012-01-01,7.6,infant,Terengganu
231,2013-01-01,9.1,infant,Terengganu
213,2014-01-01,7.9,infant,Terengganu
218,2015-01-01,7.9,infant,Terengganu
199,2016-01-01,7.2,infant,Terengganu
173,2017-01-01,6.2,infant,Terengganu
173,2018-01-01,6.1,infant,Terengganu
198,2019-01-01,7.3,infant,Terengganu
157,2020-01-01,5.8,infant,Terengganu
167,2021-01-01,6.3,infant,Terengganu
167,2022-01-01,6.6,infant,Terengganu
202,2023-01-01,7.7,infant,Terengganu
170,2024-01-01,7.2,infant,Terengganu
58,2000-01-01,0.6,toddler,Terengganu
60,2001-01-01,0.7,toddler,Terengganu
71,2002-01-01,0.8,toddler,Terengganu
64,2003-01-01,0.7,toddler,Terengganu
56,2004-01-01,0.6,toddler,Terengganu
45,2005-01-01,0.5,toddler,Terengganu
38,2006-01-01,0.4,toddler,Terengganu
48,2007-01-01,0.5,toddler,Terengganu
48,2008-01-01,0.5,toddler,Terengganu
46,2009-01-01,0.5,toddler,Terengganu
49,2010-01-01,0.5,toddler,Terengganu
50,2011-01-01,0.5,toddler,Terengganu
44,2012-01-01,0.5,toddler,Terengganu
49,2013-01-01,0.5,toddler,Terengganu
46,2014-01-01,0.5,toddler,Terengganu
47,2015-01-01,0.5,toddler,Terengganu
37,2016-01-01,0.4,toddler,Terengganu
37,2017-01-01,0.4,toddler,Terengganu
34,2018-01-01,0.3,toddler,Terengganu
25,2019-01-01,0.2,toddler,Terengganu
31,2020-01-01,0.4,toddler,Terengganu
32,2021-01-01,0.4,toddler,Terengganu
50,2022-01-01,0.6,toddler,Terengganu
48,2023-01-01,0.5,toddler,Terengganu
32,2024-01-01,0.3,toddler,Terengganu
205,2000-01-01,7.0,total,W.P. Kuala Lumpur
217,2001-01-01,8.0,total,W.P. Kuala Lumpur
229,2002-01-01,8.8,total,W.P. Kuala Lumpur
183,2003-01-01,7.3,total,W.P. Kuala Lumpur
158,2004-01-01,6.3,total,W.P. Kuala Lumpur
153,2005-01-01,6.5,total,W.P. Kuala Lumpur
148,2006-01-01,6.1,total,W.P. Kuala Lumpur
184,2007-01-01,7.4,total,W.P. Kuala Lumpur
163,2008-01-01,6.5,total,W.P. Kuala Lumpur
170,2009-01-01,6.6,total,W.P. Kuala Lumpur
176,2010-01-01,7.2,total,W.P. Kuala Lumpur
193,2011-01-01,7.6,total,W.P. Kuala Lumpur
150,2012-01-01,5.6,total,W.P. Kuala Lumpur
153,2013-01-01,6.0,total,W.P. Kuala Lumpur
192,2014-01-01,7.1,total,W.P. Kuala Lumpur
167,2015-01-01,6.5,total,W.P. Kuala Lumpur
191,2016-01-01,7.4,total,W.P. Kuala Lumpur
190,2017-01-01,7.7,total,W.P. Kuala Lumpur
177,2018-01-01,7.3,total,W.P. Kuala Lumpur
144,2019-01-01,6.0,total,W.P. Kuala Lumpur
111,2020-01-01,4.8,total,W.P. Kuala Lumpur
130,2021-01-01,6.2,total,W.P. Kuala Lumpur
153,2022-01-01,7.7,total,W.P. Kuala Lumpur
145,2023-01-01,6.8,total,W.P. Kuala Lumpur
130,2024-01-01,6.1,total,W.P. Kuala Lumpur
141,2000-01-01,4.8,perinatal,W.P. Kuala Lumpur
139,2001-01-01,5.1,perinatal,W.P. Kuala Lumpur
157,2002-01-01,6.0,perinatal,W.P. Kuala Lumpur
153,2003-01-01,6.1,perinatal,W.P. Kuala Lumpur
128,2004-01-01,5.1,perinatal,W.P. Kuala Lumpur
138,2005-01-01,5.8,perinatal,W.P. Kuala Lumpur
154,2006-01-01,6.4,perinatal,W.P. Kuala Lumpur
155,2007-01-01,6.2,perinatal,W.P. Kuala Lumpur
159,2008-01-01,6.3,perinatal,W.P. Kuala Lumpur
162,2009-01-01,6.2,perinatal,W.P. Kuala Lumpur
174,2010-01-01,7.1,perinatal,W.P. Kuala Lumpur
172,2011-01-01,6.7,perinatal,W.P. Kuala Lumpur
152,2012-01-01,5.6,perinatal,W.P. Kuala Lumpur
126,2013-01-01,5.0,perinatal,W.P. Kuala Lumpur
164,2014-01-01,6.0,perinatal,W.P. Kuala Lumpur
159,2015-01-01,6.1,perinatal,W.P. Kuala Lumpur
219,2016-01-01,8.5,perinatal,W.P. Kuala Lumpur
223,2017-01-01,9.0,perinatal,W.P. Kuala Lumpur
194,2018-01-01,8.0,perinatal,W.P. Kuala Lumpur
176,2019-01-01,7.3,perinatal,W.P. Kuala Lumpur
148,2020-01-01,6.4,perinatal,W.P. Kuala Lumpur
164,2021-01-01,7.8,perinatal,W.P. Kuala Lumpur
153,2022-01-01,7.7,perinatal,W.P. Kuala Lumpur
169,2023-01-01,7.8,perinatal,W.P. Kuala Lumpur
126,2024-01-01,5.9,perinatal,W.P. Kuala Lumpur
91,2000-01-01,3.1,neonatal,W.P. Kuala Lumpur
104,2001-01-01,3.8,neonatal,W.P. Kuala Lumpur
107,2002-01-01,4.1,neonatal,W.P. Kuala Lumpur
70,2003-01-01,2.8,neonatal,W.P. Kuala Lumpur
69,2004-01-01,2.8,neonatal,W.P. Kuala Lumpur
73,2005-01-01,3.1,neonatal,W.P. Kuala Lumpur
75,2006-01-01,3.1,neonatal,W.P. Kuala Lumpur
98,2007-01-01,3.9,neonatal,W.P. Kuala Lumpur
83,2008-01-01,3.3,neonatal,W.P. Kuala Lumpur
80,2009-01-01,3.1,neonatal,W.P. Kuala Lumpur
78,2010-01-01,3.2,neonatal,W.P. Kuala Lumpur
105,2011-01-01,4.1,neonatal,W.P. Kuala Lumpur
78,2012-01-01,2.9,neonatal,W.P. Kuala Lumpur
76,2013-01-01,3.0,neonatal,W.P. Kuala Lumpur
99,2014-01-01,3.7,neonatal,W.P. Kuala Lumpur
79,2015-01-01,3.1,neonatal,W.P. Kuala Lumpur
105,2016-01-01,4.1,neonatal,W.P. Kuala Lumpur
94,2017-01-01,3.8,neonatal,W.P. Kuala Lumpur
98,2018-01-01,4.0,neonatal,W.P. Kuala Lumpur
76,2019-01-01,3.2,neonatal,W.P. Kuala Lumpur
57,2020-01-01,2.5,neonatal,W.P. Kuala Lumpur
74,2021-01-01,3.5,neonatal,W.P. Kuala Lumpur
70,2022-01-01,3.5,neonatal,W.P. Kuala Lumpur
72,2023-01-01,3.4,neonatal,W.P. Kuala Lumpur
62,2024-01-01,2.9,neonatal,W.P. Kuala Lumpur
161,2000-01-01,5.5,infant,W.P. Kuala Lumpur
181,2001-01-01,6.7,infant,W.P. Kuala Lumpur
184,2002-01-01,7.1,infant,W.P. Kuala Lumpur
135,2003-01-01,5.4,infant,W.P. Kuala Lumpur
120,2004-01-01,4.8,infant,W.P. Kuala Lumpur
121,2005-01-01,5.1,infant,W.P. Kuala Lumpur
128,2006-01-01,5.3,infant,W.P. Kuala Lumpur
153,2007-01-01,6.1,infant,W.P. Kuala Lumpur
124,2008-01-01,4.9,infant,W.P. Kuala Lumpur
139,2009-01-01,5.4,infant,W.P. Kuala Lumpur
135,2010-01-01,5.5,infant,W.P. Kuala Lumpur
163,2011-01-01,6.4,infant,W.P. Kuala Lumpur
126,2012-01-01,4.7,infant,W.P. Kuala Lumpur
123,2013-01-01,4.9,infant,W.P. Kuala Lumpur
167,2014-01-01,6.2,infant,W.P. Kuala Lumpur
140,2015-01-01,5.4,infant,W.P. Kuala Lumpur
159,2016-01-01,6.2,infant,W.P. Kuala Lumpur
160,2017-01-01,6.5,infant,W.P. Kuala Lumpur
150,2018-01-01,6.2,infant,W.P. Kuala Lumpur
124,2019-01-01,5.2,infant,W.P. Kuala Lumpur
92,2020-01-01,4.0,infant,W.P. Kuala Lumpur
116,2021-01-01,5.5,infant,W.P. Kuala Lumpur
122,2022-01-01,6.1,infant,W.P. Kuala Lumpur
112,2023-01-01,5.2,infant,W.P. Kuala Lumpur
104,2024-01-01,4.9,infant,W.P. Kuala Lumpur
44,2000-01-01,0.3,toddler,W.P. Kuala Lumpur
36,2001-01-01,0.3,toddler,W.P. Kuala Lumpur
45,2002-01-01,0.3,toddler,W.P. Kuala Lumpur
48,2003-01-01,0.4,toddler,W.P. Kuala Lumpur
38,2004-01-01,0.3,toddler,W.P. Kuala Lumpur
32,2005-01-01,0.3,toddler,W.P. Kuala Lumpur
20,2006-01-01,0.2,toddler,W.P. Kuala Lumpur
31,2007-01-01,0.3,toddler,W.P. Kuala Lumpur
39,2008-01-01,0.4,toddler,W.P. Kuala Lumpur
31,2009-01-01,0.3,toddler,W.P. Kuala Lumpur
41,2010-01-01,0.4,toddler,W.P. Kuala Lumpur
30,2011-01-01,0.3,toddler,W.P. Kuala Lumpur
24,2012-01-01,0.2,toddler,W.P. Kuala Lumpur
30,2013-01-01,0.3,toddler,W.P. Kuala Lumpur
25,2014-01-01,0.3,toddler,W.P. Kuala Lumpur
27,2015-01-01,0.3,toddler,W.P. Kuala Lumpur
32,2016-01-01,0.3,toddler,W.P. Kuala Lumpur
30,2017-01-01,0.3,toddler,W.P. Kuala Lumpur
27,2018-01-01,0.3,toddler,W.P. Kuala Lumpur
20,2019-01-01,0.2,toddler,W.P. Kuala Lumpur
19,2020-01-01,0.2,toddler,W.P. Kuala Lumpur
14,2021-01-01,0.1,toddler,W.P. Kuala Lumpur
31,2022-01-01,0.3,toddler,W.P. Kuala Lumpur
33,2023-01-01,0.4,toddler,W.P. Kuala Lumpur
26,2024-01-01,0.3,toddler,W.P. Kuala Lumpur
12,2000-01-01,8.0,total,W.P. Labuan
7,2001-01-01,4.7,total,W.P. Labuan
19,2002-01-01,13.0,total,W.P. Labuan
14,2003-01-01,8.8,total,W.P. Labuan
15,2004-01-01,9.9,total,W.P. Labuan
16,2005-01-01,10.6,total,W.P. Labuan
23,2006-01-01,14.5,total,W.P. Labuan
18,2007-01-01,11.4,total,W.P. Labuan
18,2008-01-01,10.7,total,W.P. Labuan
21,2009-01-01,12.7,total,W.P. Labuan
20,2010-01-01,12.3,total,W.P. Labuan
16,2011-01-01,9.2,total,W.P. Labuan
16,2012-01-01,9.0,total,W.P. Labuan
16,2013-01-01,9.2,total,W.P. Labuan
17,2014-01-01,9.1,total,W.P. Labuan
19,2015-01-01,9.7,total,W.P. Labuan
17,2016-01-01,9.7,total,W.P. Labuan
12,2017-01-01,7.1,total,W.P. Labuan
17,2018-01-01,10.1,total,W.P. Labuan
18,2019-01-01,10.7,total,W.P. Labuan
16,2020-01-01,9.3,total,W.P. Labuan
15,2021-01-01,9.9,total,W.P. Labuan
16,2022-01-01,11.6,total,W.P. Labuan
13,2023-01-01,9.2,total,W.P. Labuan
23,2024-01-01,17.6,total,W.P. Labuan
6,2000-01-01,4.0,perinatal,W.P. Labuan
19,2001-01-01,12.6,perinatal,W.P. Labuan
27,2002-01-01,18.2,perinatal,W.P. Labuan
17,2003-01-01,10.7,perinatal,W.P. Labuan
14,2004-01-01,9.2,perinatal,W.P. Labuan
17,2005-01-01,11.2,perinatal,W.P. Labuan
16,2006-01-01,10.0,perinatal,W.P. Labuan
17,2007-01-01,10.7,perinatal,W.P. Labuan
20,2008-01-01,11.8,perinatal,W.P. Labuan
18,2009-01-01,10.8,perinatal,W.P. Labuan
16,2010-01-01,9.8,perinatal,W.P. Labuan
19,2011-01-01,10.9,perinatal,W.P. Labuan
17,2012-01-01,9.5,perinatal,W.P. Labuan
16,2013-01-01,9.2,perinatal,W.P. Labuan
9,2014-01-01,4.8,perinatal,W.P. Labuan
19,2015-01-01,9.7,perinatal,W.P. Labuan
14,2016-01-01,8.0,perinatal,W.P. Labuan
15,2017-01-01,8.8,perinatal,W.P. Labuan
17,2018-01-01,10.0,perinatal,W.P. Labuan
9,2019-01-01,5.4,perinatal,W.P. Labuan
16,2020-01-01,9.3,perinatal,W.P. Labuan
11,2021-01-01,7.2,perinatal,W.P. Labuan
19,2022-01-01,13.7,perinatal,W.P. Labuan
18,2023-01-01,12.7,perinatal,W.P. Labuan
18,2024-01-01,13.7,perinatal,W.P. Labuan
3,2000-01-01,2.0,neonatal,W.P. Labuan
2,2001-01-01,1.3,neonatal,W.P. Labuan
15,2002-01-01,10.2,neonatal,W.P. Labuan
9,2003-01-01,5.7,neonatal,W.P. Labuan
9,2004-01-01,5.9,neonatal,W.P. Labuan
8,2005-01-01,5.3,neonatal,W.P. Labuan
15,2006-01-01,9.5,neonatal,W.P. Labuan
12,2007-01-01,7.6,neonatal,W.P. Labuan
8,2008-01-01,4.8,neonatal,W.P. Labuan
12,2009-01-01,7.2,neonatal,W.P. Labuan
12,2010-01-01,7.4,neonatal,W.P. Labuan
12,2011-01-01,6.9,neonatal,W.P. Labuan
9,2012-01-01,5.1,neonatal,W.P. Labuan
11,2013-01-01,6.3,neonatal,W.P. Labuan
10,2014-01-01,5.3,neonatal,W.P. Labuan
11,2015-01-01,5.6,neonatal,W.P. Labuan
9,2016-01-01,5.1,neonatal,W.P. Labuan
7,2017-01-01,4.2,neonatal,W.P. Labuan
12,2018-01-01,7.1,neonatal,W.P. Labuan
7,2019-01-01,4.2,neonatal,W.P. Labuan
9,2020-01-01,5.3,neonatal,W.P. Labuan
8,2021-01-01,5.3,neonatal,W.P. Labuan
10,2022-01-01,7.3,neonatal,W.P. Labuan
8,2023-01-01,5.7,neonatal,W.P. Labuan
15,2024-01-01,11.5,neonatal,W.P. Labuan
8,2000-01-01,5.4,infant,W.P. Labuan
5,2001-01-01,3.4,infant,W.P. Labuan
19,2002-01-01,13.0,infant,W.P. Labuan
12,2003-01-01,7.6,infant,W.P. Labuan
12,2004-01-01,7.9,infant,W.P. Labuan
15,2005-01-01,9.9,infant,W.P. Labuan
23,2006-01-01,14.5,infant,W.P. Labuan
17,2007-01-01,10.8,infant,W.P. Labuan
15,2008-01-01,8.9,infant,W.P. Labuan
16,2009-01-01,9.7,infant,W.P. Labuan
15,2010-01-01,9.2,infant,W.P. Labuan
14,2011-01-01,8.1,infant,W.P. Labuan
14,2012-01-01,7.9,infant,W.P. Labuan
13,2013-01-01,7.5,infant,W.P. Labuan
15,2014-01-01,8.0,infant,W.P. Labuan
18,2015-01-01,9.2,infant,W.P. Labuan
14,2016-01-01,8.0,infant,W.P. Labuan
12,2017-01-01,7.1,infant,W.P. Labuan
16,2018-01-01,9.5,infant,W.P. Labuan
12,2019-01-01,7.2,infant,W.P. Labuan
13,2020-01-01,7.6,infant,W.P. Labuan
9,2021-01-01,5.9,infant,W.P. Labuan
13,2022-01-01,9.5,infant,W.P. Labuan
10,2023-01-01,7.1,infant,W.P. Labuan
21,2024-01-01,16.0,infant,W.P. Labuan
4,2000-01-01,0.5,toddler,W.P. Labuan
2,2001-01-01,0.2,toddler,W.P. Labuan
0,2002-01-01,0.0,toddler,W.P. Labuan
2,2003-01-01,0.3,toddler,W.P. Labuan
3,2004-01-01,0.4,toddler,W.P. Labuan
1,2005-01-01,0.2,toddler,W.P. Labuan
0,2006-01-01,0.0,toddler,W.P. Labuan
1,2007-01-01,0.1,toddler,W.P. Labuan
3,2008-01-01,0.4,toddler,W.P. Labuan
5,2009-01-01,0.7,toddler,W.P. Labuan
5,2010-01-01,0.7,toddler,W.P. Labuan
2,2011-01-01,0.3,toddler,W.P. Labuan
2,2012-01-01,0.3,toddler,W.P. Labuan
3,2013-01-01,0.4,toddler,W.P. Labuan
2,2014-01-01,0.3,toddler,W.P. Labuan
1,2015-01-01,0.1,toddler,W.P. Labuan
3,2016-01-01,0.4,toddler,W.P. Labuan
0,2017-01-01,0.0,toddler,W.P. Labuan
1,2018-01-01,0.1,toddler,W.P. Labuan
6,2019-01-01,0.8,toddler,W.P. Labuan
3,2020-01-01,0.4,toddler,W.P. Labuan
6,2021-01-01,0.7,toddler,W.P. Labuan
3,2022-01-01,0.4,toddler,W.P. Labuan
3,2023-01-01,0.5,toddler,W.P. Labuan
2,2024-01-01,0.3,toddler,W.P. Labuan
21,2010-01-01,8.6,total,W.P. Putrajaya
27,2011-01-01,9.1,total,W.P. Putrajaya
34,2012-01-01,10.8,total,W.P. Putrajaya
33,2013-01-01,11.1,total,W.P. Putrajaya
39,2014-01-01,12.7,total,W.P. Putrajaya
27,2015-01-01,9.4,total,W.P. Putrajaya
28,2016-01-01,10.9,total,W.P. Putrajaya
23,2017-01-01,9.1,total,W.P. Putrajaya
27,2018-01-01,11.3,total,W.P. Putrajaya
22,2019-01-01,9.5,total,W.P. Putrajaya
16,2020-01-01,7.5,total,W.P. Putrajaya
13,2021-01-01,6.2,total,W.P. Putrajaya
17,2022-01-01,9.2,total,W.P. Putrajaya
27,2023-01-01,15.8,total,W.P. Putrajaya
21,2024-01-01,13.6,total,W.P. Putrajaya
17,2010-01-01,7.0,perinatal,W.P. Putrajaya
16,2011-01-01,5.4,perinatal,W.P. Putrajaya
21,2012-01-01,6.6,perinatal,W.P. Putrajaya
25,2013-01-01,8.4,perinatal,W.P. Putrajaya
23,2014-01-01,7.5,perinatal,W.P. Putrajaya
22,2015-01-01,7.636237417563346,perinatal,W.P. Putrajaya
17,2016-01-01,6.6,perinatal,W.P. Putrajaya
16,2017-01-01,6.3,perinatal,W.P. Putrajaya
23,2018-01-01,9.5,perinatal,W.P. Putrajaya
19,2019-01-01,8.2,perinatal,W.P. Putrajaya
16,2020-01-01,7.4,perinatal,W.P. Putrajaya
22,2021-01-01,10.4,perinatal,W.P. Putrajaya
16,2022-01-01,8.6,perinatal,W.P. Putrajaya
19,2023-01-01,11.0,perinatal,W.P. Putrajaya
17,2024-01-01,10.9,perinatal,W.P. Putrajaya
11,2010-01-01,4.5,neonatal,W.P. Putrajaya
16,2011-01-01,5.4,neonatal,W.P. Putrajaya
15,2012-01-01,4.8,neonatal,W.P. Putrajaya
18,2013-01-01,6.1,neonatal,W.P. Putrajaya
14,2014-01-01,4.6,neonatal,W.P. Putrajaya
12,2015-01-01,4.2,neonatal,W.P. Putrajaya
14,2016-01-01,5.4,neonatal,W.P. Putrajaya
12,2017-01-01,4.8,neonatal,W.P. Putrajaya
12,2018-01-01,5.0,neonatal,W.P. Putrajaya
8,2019-01-01,3.5,neonatal,W.P. Putrajaya
9,2020-01-01,4.2,neonatal,W.P. Putrajaya
8,2021-01-01,3.8,neonatal,W.P. Putrajaya
8,2022-01-01,4.4,neonatal,W.P. Putrajaya
16,2023-01-01,9.3,neonatal,W.P. Putrajaya
6,2024-01-01,3.9,neonatal,W.P. Putrajaya
18,2010-01-01,7.4,infant,W.P. Putrajaya
25,2011-01-01,8.5,infant,W.P. Putrajaya
29,2012-01-01,9.2,infant,W.P. Putrajaya
31,2013-01-01,10.4,infant,W.P. Putrajaya
31,2014-01-01,10.1,infant,W.P. Putrajaya
22,2015-01-01,7.7,infant,W.P. Putrajaya
21,2016-01-01,8.2,infant,W.P. Putrajaya
21,2017-01-01,8.3,infant,W.P. Putrajaya
22,2018-01-01,9.2,infant,W.P. Putrajaya
20,2019-01-01,8.6,infant,W.P. Putrajaya
14,2020-01-01,6.5,infant,W.P. Putrajaya
13,2021-01-01,6.2,infant,W.P. Putrajaya
15,2022-01-01,8.2,infant,W.P. Putrajaya
24,2023-01-01,14.0,infant,W.P. Putrajaya
16,2024-01-01,10.3,infant,W.P. Putrajaya
3,2010-01-01,0.4,toddler,W.P. Putrajaya
2,2011-01-01,0.2,toddler,W.P. Putrajaya
5,2012-01-01,0.5,toddler,W.P. Putrajaya
2,2013-01-01,0.2,toddler,W.P. Putrajaya
8,2014-01-01,0.7,toddler,W.P. Putrajaya
5,2015-01-01,0.4,toddler,W.P. Putrajaya
7,2016-01-01,0.6,toddler,W.P. Putrajaya
2,2017-01-01,0.2,toddler,W.P. Putrajaya
5,2018-01-01,0.4,toddler,W.P. Putrajaya
2,2019-01-01,0.2,toddler,W.P. Putrajaya
2,2020-01-01,0.2,toddler,W.P. Putrajaya
0,2021-01-01,0.0,toddler,W.P. Putrajaya
2,2022-01-01,0.2,toddler,W.P. Putrajaya
3,2023-01-01,0.3,toddler,W.P. Putrajaya
5,2024-01-01,0.6,toddler,W.P. Putrajaya
