date,cases,state,disease,incidence
2017-01-01,1289,Malaysia,aids,3.98
2018-01-01,919,Malaysia,aids,2.8
2019-01-01,1122,Malaysia,aids,3.44
2020-01-01,1038,Malaysia,aids,3.19
2021-01-01,878,Malaysia,aids,2.69
2022-01-01,1211,Malaysia,aids,3.71
2017-01-01,3,Malaysia,chancroid,0.01
2018-01-01,4,Malaysia,chancroid,0.01
2019-01-01,2,Malaysia,chancroid,0.01
2020-01-01,3,Malaysia,chancroid,0.01
2021-01-01,1,Malaysia,chancroid,0.0
2022-01-01,0,Malaysia,chancroid,0.0
2017-01-01,3364,Malaysia,gonorrhea,10.39
2018-01-01,3130,Malaysia,gonorrhea,9.52
2019-01-01,3013,Malaysia,gonorrhea,9.25
2020-01-01,2339,Malaysia,gonorrhea,7.18
2021-01-01,1461,Malaysia,gonorrhea,4.47
2022-01-01,1819,Malaysia,gonorrhea,5.57
2017-01-01,3347,Malaysia,hiv,10.33
2018-01-01,3293,Malaysia,hiv,10.02
2019-01-01,3564,Malaysia,hiv,10.94
2020-01-01,3146,Malaysia,hiv,9.66
2021-01-01,2760,Malaysia,hiv,8.45
2022-01-01,3177,Malaysia,hiv,9.73
2017-01-01,2591,Malaysia,syphillis,8.0
2018-01-01,3077,Malaysia,syphillis,9.36
2019-01-01,3504,Malaysia,syphillis,10.75
2020-01-01,3462,Malaysia,syphillis,10.63
2021-01-01,3461,Malaysia,syphillis,10.6
2022-01-01,4669,Malaysia,syphillis,14.3
2017-01-01,178,Johor,aids,4.72
2018-01-01,114,Johor,aids,2.98
2019-01-01,111,Johor,aids,2.95
2020-01-01,210,Johor,aids,5.58
2021-01-01,190,Johor,aids,5.01
2022-01-01,271,Johor,aids,6.74
2017-01-01,1,Johor,chancroid,0.03
2018-01-01,0,Johor,chancroid,0.0
2019-01-01,0,Johor,chancroid,0.0
2020-01-01,0,Johor,chancroid,0.0
2021-01-01,0,Johor,chancroid,0.0
2022-01-01,0,Johor,chancroid,0.0
2017-01-01,404,Johor,gonorrhea,10.72
2018-01-01,339,Johor,gonorrhea,8.87
2019-01-01,311,Johor,gonorrhea,8.26
2020-01-01,296,Johor,gonorrhea,7.86
2021-01-01,268,Johor,gonorrhea,7.06
2022-01-01,149,Johor,gonorrhea,3.7
2017-01-01,347,Johor,hiv,9.2
2018-01-01,310,Johor,hiv,8.11
2019-01-01,338,Johor,hiv,8.98
2020-01-01,223,Johor,hiv,5.92
2021-01-01,165,Johor,hiv,4.35
2022-01-01,219,Johor,hiv,5.44
2017-01-01,295,Johor,syphillis,7.82
2018-01-01,311,Johor,syphillis,8.14
2019-01-01,345,Johor,syphillis,9.17
2020-01-01,345,Johor,syphillis,9.17
2021-01-01,392,Johor,syphillis,10.33
2022-01-01,484,Johor,syphillis,12.03
2017-01-01,40,Kedah,aids,1.84
2018-01-01,43,Kedah,aids,1.95
2019-01-01,54,Kedah,aids,2.48
2020-01-01,48,Kedah,aids,2.2
2021-01-01,35,Kedah,aids,1.6
2022-01-01,58,Kedah,aids,2.67
2017-01-01,0,Kedah,chancroid,0.0
2018-01-01,0,Kedah,chancroid,0.0
2019-01-01,0,Kedah,chancroid,0.0
2020-01-01,0,Kedah,chancroid,0.0
2021-01-01,0,Kedah,chancroid,0.0
2022-01-01,0,Kedah,chancroid,0.0
2017-01-01,118,Kedah,gonorrhea,5.42
2018-01-01,134,Kedah,gonorrhea,6.07
2019-01-01,129,Kedah,gonorrhea,5.92
2020-01-01,101,Kedah,gonorrhea,4.63
2021-01-01,36,Kedah,gonorrhea,1.64
2022-01-01,77,Kedah,gonorrhea,3.55
2017-01-01,187,Kedah,hiv,8.6
2018-01-01,186,Kedah,hiv,8.43
2019-01-01,177,Kedah,hiv,8.12
2020-01-01,146,Kedah,hiv,6.7
2021-01-01,118,Kedah,hiv,5.38
2022-01-01,110,Kedah,hiv,5.07
2017-01-01,83,Kedah,syphillis,3.82
2018-01-01,109,Kedah,syphillis,4.94
2019-01-01,114,Kedah,syphillis,5.23
2020-01-01,153,Kedah,syphillis,7.02
2021-01-01,80,Kedah,syphillis,3.65
2022-01-01,185,Kedah,syphillis,8.52
2017-01-01,144,Kelantan,aids,7.8
2018-01-01,49,Kelantan,aids,2.6
2019-01-01,80,Kelantan,aids,4.24
2020-01-01,48,Kelantan,aids,2.55
2021-01-01,27,Kelantan,aids,1.4
2022-01-01,47,Kelantan,aids,2.57
2017-01-01,0,Kelantan,chancroid,0.0
2018-01-01,0,Kelantan,chancroid,0.0
2019-01-01,0,Kelantan,chancroid,0.0
2020-01-01,0,Kelantan,chancroid,0.0
2021-01-01,0,Kelantan,chancroid,0.0
2022-01-01,0,Kelantan,chancroid,0.0
2017-01-01,69,Kelantan,gonorrhea,3.74
2018-01-01,89,Kelantan,gonorrhea,4.72
2019-01-01,74,Kelantan,gonorrhea,3.92
2020-01-01,49,Kelantan,gonorrhea,2.6
2021-01-01,28,Kelantan,gonorrhea,1.45
2022-01-01,47,Kelantan,gonorrhea,2.57
2017-01-01,136,Kelantan,hiv,7.36
2018-01-01,99,Kelantan,hiv,5.25
2019-01-01,107,Kelantan,hiv,5.67
2020-01-01,90,Kelantan,hiv,4.77
2021-01-01,82,Kelantan,hiv,4.25
2022-01-01,118,Kelantan,hiv,6.45
2017-01-01,113,Kelantan,syphillis,6.12
2018-01-01,126,Kelantan,syphillis,6.69
2019-01-01,132,Kelantan,syphillis,7.0
2020-01-01,74,Kelantan,syphillis,3.92
2021-01-01,70,Kelantan,syphillis,3.63
2022-01-01,95,Kelantan,syphillis,5.19
2017-01-01,112,Melaka,aids,12.15
2018-01-01,100,Melaka,aids,10.7
2019-01-01,71,Melaka,aids,7.63
2020-01-01,66,Melaka,aids,7.09
2021-01-01,59,Melaka,aids,6.29
2022-01-01,73,Melaka,aids,7.24
2017-01-01,0,Melaka,chancroid,0.0
2018-01-01,0,Melaka,chancroid,0.0
2019-01-01,0,Melaka,chancroid,0.0
2020-01-01,1,Melaka,chancroid,0.11
2021-01-01,0,Melaka,chancroid,0.0
2022-01-01,0,Melaka,chancroid,0.0
2017-01-01,107,Melaka,gonorrhea,11.61
2018-01-01,101,Melaka,gonorrhea,10.81
2019-01-01,115,Melaka,gonorrhea,12.36
2020-01-01,105,Melaka,gonorrhea,11.28
2021-01-01,47,Melaka,gonorrhea,5.01
2022-01-01,72,Melaka,gonorrhea,7.14
2017-01-01,113,Melaka,hiv,12.26
2018-01-01,78,Melaka,hiv,8.35
2019-01-01,114,Melaka,hiv,12.25
2020-01-01,70,Melaka,hiv,7.52
2021-01-01,87,Melaka,hiv,9.28
2022-01-01,74,Melaka,hiv,7.34
2017-01-01,73,Melaka,syphillis,7.92
2018-01-01,103,Melaka,syphillis,11.02
2019-01-01,152,Melaka,syphillis,16.33
2020-01-01,136,Melaka,syphillis,14.61
2021-01-01,168,Melaka,syphillis,17.92
2022-01-01,216,Melaka,syphillis,21.43
2017-01-01,29,Negeri Sembilan,aids,2.57
2018-01-01,23,Negeri Sembilan,aids,2.02
2019-01-01,31,Negeri Sembilan,aids,2.74
2020-01-01,21,Negeri Sembilan,aids,1.86
2021-01-01,22,Negeri Sembilan,aids,1.95
2022-01-01,23,Negeri Sembilan,aids,1.9
2017-01-01,0,Negeri Sembilan,chancroid,0.0
2018-01-01,0,Negeri Sembilan,chancroid,0.0
2019-01-01,0,Negeri Sembilan,chancroid,0.0
2020-01-01,0,Negeri Sembilan,chancroid,0.0
2021-01-01,0,Negeri Sembilan,chancroid,0.0
2022-01-01,0,Negeri Sembilan,chancroid,0.0
2017-01-01,118,Negeri Sembilan,gonorrhea,10.45
2018-01-01,89,Negeri Sembilan,gonorrhea,7.8
2019-01-01,74,Negeri Sembilan,gonorrhea,6.55
2020-01-01,48,Negeri Sembilan,gonorrhea,4.25
2021-01-01,33,Negeri Sembilan,gonorrhea,2.92
2022-01-01,40,Negeri Sembilan,gonorrhea,3.31
2017-01-01,112,Negeri Sembilan,hiv,9.92
2018-01-01,133,Negeri Sembilan,hiv,11.66
2019-01-01,126,Negeri Sembilan,hiv,11.15
2020-01-01,113,Negeri Sembilan,hiv,10.0
2021-01-01,94,Negeri Sembilan,hiv,8.33
2022-01-01,95,Negeri Sembilan,hiv,7.86
2017-01-01,62,Negeri Sembilan,syphillis,5.49
2018-01-01,83,Negeri Sembilan,syphillis,7.27
2019-01-01,98,Negeri Sembilan,syphillis,8.67
2020-01-01,85,Negeri Sembilan,syphillis,7.52
2021-01-01,115,Negeri Sembilan,syphillis,10.19
2022-01-01,113,Negeri Sembilan,syphillis,9.35
2017-01-01,104,Pahang,aids,6.19
2018-01-01,37,Pahang,aids,2.17
2019-01-01,64,Pahang,aids,3.82
2020-01-01,42,Pahang,aids,2.51
2021-01-01,46,Pahang,aids,2.73
2022-01-01,27,Pahang,aids,1.67
2017-01-01,0,Pahang,chancroid,0.0
2018-01-01,0,Pahang,chancroid,0.0
2019-01-01,0,Pahang,chancroid,0.0
2020-01-01,1,Pahang,chancroid,0.06
2021-01-01,0,Pahang,chancroid,0.0
2022-01-01,0,Pahang,chancroid,0.0
2017-01-01,141,Pahang,gonorrhea,8.4
2018-01-01,135,Pahang,gonorrhea,7.93
2019-01-01,135,Pahang,gonorrhea,8.06
2020-01-01,133,Pahang,gonorrhea,7.94
2021-01-01,89,Pahang,gonorrhea,5.28
2022-01-01,81,Pahang,gonorrhea,5.02
2017-01-01,127,Pahang,hiv,7.56
2018-01-01,140,Pahang,hiv,8.22
2019-01-01,109,Pahang,hiv,6.51
2020-01-01,137,Pahang,hiv,8.18
2021-01-01,145,Pahang,hiv,8.61
2022-01-01,128,Pahang,hiv,7.94
2017-01-01,55,Pahang,syphillis,3.28
2018-01-01,109,Pahang,syphillis,6.4
2019-01-01,121,Pahang,syphillis,7.23
2020-01-01,119,Pahang,syphillis,7.11
2021-01-01,75,Pahang,syphillis,4.45
2022-01-01,79,Pahang,syphillis,4.9
2017-01-01,50,Perak,aids,1.96
2018-01-01,42,Perak,aids,1.63
2019-01-01,66,Perak,aids,2.63
2020-01-01,91,Perak,aids,3.62
2021-01-01,96,Perak,aids,3.83
2022-01-01,75,Perak,aids,2.97
2017-01-01,0,Perak,chancroid,0.0
2018-01-01,0,Perak,chancroid,0.0
2019-01-01,0,Perak,chancroid,0.0
2020-01-01,0,Perak,chancroid,0.0
2021-01-01,0,Perak,chancroid,0.0
2022-01-01,0,Perak,chancroid,0.0
2017-01-01,49,Perak,gonorrhea,1.92
2018-01-01,52,Perak,gonorrhea,2.02
2019-01-01,65,Perak,gonorrhea,2.59
2020-01-01,78,Perak,gonorrhea,3.1
2021-01-01,36,Perak,gonorrhea,1.44
2022-01-01,50,Perak,gonorrhea,1.98
2017-01-01,154,Perak,hiv,6.04
2018-01-01,167,Perak,hiv,6.5
2019-01-01,163,Perak,hiv,6.49
2020-01-01,158,Perak,hiv,6.29
2021-01-01,116,Perak,hiv,4.62
2022-01-01,148,Perak,hiv,5.87
2017-01-01,119,Perak,syphillis,4.67
2018-01-01,140,Perak,syphillis,5.45
2019-01-01,194,Perak,syphillis,7.72
2020-01-01,257,Perak,syphillis,10.23
2021-01-01,279,Perak,syphillis,11.12
2022-01-01,285,Perak,syphillis,11.3
2017-01-01,6,Perlis,aids,2.34
2018-01-01,5,Perlis,aids,1.93
2019-01-01,15,Perlis,aids,5.9
2020-01-01,9,Perlis,aids,3.54
2021-01-01,9,Perlis,aids,3.52
2022-01-01,12,Perlis,aids,4.14
2017-01-01,0,Perlis,chancroid,0.0
2018-01-01,0,Perlis,chancroid,0.0
2019-01-01,0,Perlis,chancroid,0.0
2020-01-01,0,Perlis,chancroid,0.0
2021-01-01,0,Perlis,chancroid,0.0
2022-01-01,0,Perlis,chancroid,0.0
2017-01-01,20,Perlis,gonorrhea,7.8
2018-01-01,20,Perlis,gonorrhea,7.72
2019-01-01,20,Perlis,gonorrhea,7.86
2020-01-01,7,Perlis,gonorrhea,2.75
2021-01-01,9,Perlis,gonorrhea,3.52
2022-01-01,5,Perlis,gonorrhea,1.73
2017-01-01,19,Perlis,hiv,7.41
2018-01-01,14,Perlis,hiv,5.4
2019-01-01,17,Perlis,hiv,6.68
2020-01-01,12,Perlis,hiv,4.72
2021-01-01,15,Perlis,hiv,5.87
2022-01-01,18,Perlis,hiv,6.21
2017-01-01,13,Perlis,syphillis,5.07
2018-01-01,16,Perlis,syphillis,6.17
2019-01-01,12,Perlis,syphillis,4.72
2020-01-01,6,Perlis,syphillis,2.36
2021-01-01,12,Perlis,syphillis,4.7
2022-01-01,9,Perlis,syphillis,3.11
2017-01-01,17,Pulau Pinang,aids,0.97
2018-01-01,12,Pulau Pinang,aids,0.68
2019-01-01,40,Pulau Pinang,aids,2.25
2020-01-01,15,Pulau Pinang,aids,0.85
2021-01-01,14,Pulau Pinang,aids,0.79
2022-01-01,34,Pulau Pinang,aids,1.96
2017-01-01,0,Pulau Pinang,chancroid,0.0
2018-01-01,0,Pulau Pinang,chancroid,0.0
2019-01-01,0,Pulau Pinang,chancroid,0.0
2020-01-01,1,Pulau Pinang,chancroid,0.06
2021-01-01,0,Pulau Pinang,chancroid,0.0
2022-01-01,0,Pulau Pinang,chancroid,0.0
2017-01-01,38,Pulau Pinang,gonorrhea,2.18
2018-01-01,33,Pulau Pinang,gonorrhea,1.87
2019-01-01,44,Pulau Pinang,gonorrhea,2.48
2020-01-01,68,Pulau Pinang,gonorrhea,3.83
2021-01-01,41,Pulau Pinang,gonorrhea,2.31
2022-01-01,74,Pulau Pinang,gonorrhea,4.26
2017-01-01,193,Pulau Pinang,hiv,11.05
2018-01-01,233,Pulau Pinang,hiv,13.18
2019-01-01,290,Pulau Pinang,hiv,16.34
2020-01-01,303,Pulau Pinang,hiv,17.07
2021-01-01,237,Pulau Pinang,hiv,13.36
2022-01-01,246,Pulau Pinang,hiv,14.15
2017-01-01,85,Pulau Pinang,syphillis,4.87
2018-01-01,175,Pulau Pinang,syphillis,9.9
2019-01-01,286,Pulau Pinang,syphillis,16.12
2020-01-01,332,Pulau Pinang,syphillis,18.71
2021-01-01,327,Pulau Pinang,syphillis,18.43
2022-01-01,455,Pulau Pinang,syphillis,26.17
2017-01-01,116,Sabah,aids,3.01
2018-01-01,65,Sabah,aids,1.66
2019-01-01,92,Sabah,aids,2.36
2020-01-01,87,Sabah,aids,2.23
2021-01-01,55,Sabah,aids,1.43
2022-01-01,70,Sabah,aids,2.06
2017-01-01,0,Sabah,chancroid,0.0
2018-01-01,0,Sabah,chancroid,0.0
2019-01-01,0,Sabah,chancroid,0.0
2020-01-01,0,Sabah,chancroid,0.0
2021-01-01,0,Sabah,chancroid,0.0
2022-01-01,0,Sabah,chancroid,0.0
2017-01-01,355,Sabah,gonorrhea,9.21
2018-01-01,350,Sabah,gonorrhea,8.93
2019-01-01,392,Sabah,gonorrhea,10.04
2020-01-01,251,Sabah,gonorrhea,6.43
2021-01-01,185,Sabah,gonorrhea,4.83
2022-01-01,277,Sabah,gonorrhea,8.17
2017-01-01,211,Sabah,hiv,5.48
2018-01-01,211,Sabah,hiv,5.38
2019-01-01,223,Sabah,hiv,5.71
2020-01-01,187,Sabah,hiv,4.79
2021-01-01,200,Sabah,hiv,5.22
2022-01-01,314,Sabah,hiv,9.26
2017-01-01,230,Sabah,syphillis,5.97
2018-01-01,272,Sabah,syphillis,6.94
2019-01-01,315,Sabah,syphillis,8.07
2020-01-01,279,Sabah,syphillis,7.15
2021-01-01,254,Sabah,syphillis,6.63
2022-01-01,304,Sabah,syphillis,8.97
2017-01-01,167,Sarawak,aids,5.99
2018-01-01,147,Sarawak,aids,5.2
2019-01-01,125,Sarawak,aids,4.44
2020-01-01,125,Sarawak,aids,4.44
2021-01-01,96,Sarawak,aids,3.4
2022-01-01,235,Sarawak,aids,9.51
2017-01-01,0,Sarawak,chancroid,0.0
2018-01-01,0,Sarawak,chancroid,0.0
2019-01-01,2,Sarawak,chancroid,0.07
2020-01-01,0,Sarawak,chancroid,0.0
2021-01-01,0,Sarawak,chancroid,0.0
2022-01-01,0,Sarawak,chancroid,0.0
2017-01-01,980,Sarawak,gonorrhea,35.13
2018-01-01,818,Sarawak,gonorrhea,28.91
2019-01-01,807,Sarawak,gonorrhea,28.69
2020-01-01,485,Sarawak,gonorrhea,17.24
2021-01-01,240,Sarawak,gonorrhea,8.5
2022-01-01,456,Sarawak,gonorrhea,18.45
2017-01-01,226,Sarawak,hiv,8.1
2018-01-01,274,Sarawak,hiv,9.68
2019-01-01,290,Sarawak,hiv,10.31
2020-01-01,244,Sarawak,hiv,8.67
2021-01-01,236,Sarawak,hiv,8.36
2022-01-01,226,Sarawak,hiv,9.15
2017-01-01,426,Sarawak,syphillis,15.27
2018-01-01,538,Sarawak,syphillis,19.02
2019-01-01,549,Sarawak,syphillis,19.52
2020-01-01,483,Sarawak,syphillis,17.17
2021-01-01,444,Sarawak,syphillis,15.73
2022-01-01,673,Sarawak,syphillis,27.24
2017-01-01,112,Selangor,aids,1.75
2018-01-01,123,Selangor,aids,1.89
2019-01-01,141,Selangor,aids,2.16
2020-01-01,120,Selangor,aids,1.84
2021-01-01,115,Selangor,aids,1.75
2022-01-01,137,Selangor,aids,1.95
2017-01-01,2,Selangor,chancroid,0.03
2018-01-01,4,Selangor,chancroid,0.06
2019-01-01,0,Selangor,chancroid,0.0
2020-01-01,0,Selangor,chancroid,0.0
2021-01-01,1,Selangor,chancroid,0.02
2022-01-01,0,Selangor,chancroid,0.0
2017-01-01,585,Selangor,gonorrhea,9.14
2018-01-01,534,Selangor,gonorrhea,8.2
2019-01-01,513,Selangor,gonorrhea,7.86
2020-01-01,493,Selangor,gonorrhea,7.55
2021-01-01,292,Selangor,gonorrhea,4.45
2022-01-01,300,Selangor,gonorrhea,4.26
2017-01-01,968,Selangor,hiv,15.12
2018-01-01,923,Selangor,hiv,14.18
2019-01-01,1082,Selangor,hiv,16.57
2020-01-01,966,Selangor,hiv,14.8
2021-01-01,842,Selangor,hiv,12.84
2022-01-01,996,Selangor,hiv,14.15
2017-01-01,664,Selangor,syphillis,10.37
2018-01-01,662,Selangor,syphillis,10.17
2019-01-01,742,Selangor,syphillis,11.37
2020-01-01,726,Selangor,syphillis,11.12
2021-01-01,783,Selangor,syphillis,11.94
2022-01-01,1161,Selangor,syphillis,16.5
2017-01-01,57,Terengganu,aids,4.67
2018-01-01,49,Terengganu,aids,3.93
2019-01-01,30,Terengganu,aids,2.41
2020-01-01,34,Terengganu,aids,2.73
2021-01-01,21,Terengganu,aids,1.65
2022-01-01,23,Terengganu,aids,1.94
2017-01-01,0,Terengganu,chancroid,0.0
2018-01-01,0,Terengganu,chancroid,0.0
2019-01-01,0,Terengganu,chancroid,0.0
2020-01-01,0,Terengganu,chancroid,0.0
2021-01-01,0,Terengganu,chancroid,0.0
2022-01-01,0,Terengganu,chancroid,0.0
2017-01-01,32,Terengganu,gonorrhea,2.62
2018-01-01,69,Terengganu,gonorrhea,5.54
2019-01-01,39,Terengganu,gonorrhea,3.13
2020-01-01,45,Terengganu,gonorrhea,3.61
2021-01-01,19,Terengganu,gonorrhea,1.49
2022-01-01,24,Terengganu,gonorrhea,2.02
2017-01-01,74,Terengganu,hiv,6.06
2018-01-01,82,Terengganu,hiv,6.58
2019-01-01,65,Terengganu,hiv,5.22
2020-01-01,70,Terengganu,hiv,5.62
2021-01-01,84,Terengganu,hiv,6.59
2022-01-01,92,Terengganu,hiv,7.75
2017-01-01,41,Terengganu,syphillis,3.36
2018-01-01,38,Terengganu,syphillis,3.05
2019-01-01,31,Terengganu,syphillis,2.49
2020-01-01,53,Terengganu,syphillis,4.25
2021-01-01,30,Terengganu,syphillis,2.35
2022-01-01,73,Terengganu,syphillis,6.15
2017-01-01,154,W.P. Kuala Lumpur,aids,7.88
2018-01-01,110,W.P. Kuala Lumpur,aids,5.58
2019-01-01,198,W.P. Kuala Lumpur,aids,11.12
2020-01-01,121,W.P. Kuala Lumpur,aids,6.8
2021-01-01,93,W.P. Kuala Lumpur,aids,5.32
2022-01-01,126,W.P. Kuala Lumpur,aids,6.1
2017-01-01,0,W.P. Kuala Lumpur,chancroid,0.0
2018-01-01,0,W.P. Kuala Lumpur,chancroid,0.0
2019-01-01,0,W.P. Kuala Lumpur,chancroid,0.0
2020-01-01,0,W.P. Kuala Lumpur,chancroid,0.0
2021-01-01,0,W.P. Kuala Lumpur,chancroid,0.0
2022-01-01,0,W.P. Kuala Lumpur,chancroid,0.0
2017-01-01,294,W.P. Kuala Lumpur,gonorrhea,15.05
2018-01-01,327,W.P. Kuala Lumpur,gonorrhea,16.58
2019-01-01,271,W.P. Kuala Lumpur,gonorrhea,15.22
2020-01-01,173,W.P. Kuala Lumpur,gonorrhea,9.72
2021-01-01,138,W.P. Kuala Lumpur,gonorrhea,7.9
2022-01-01,159,W.P. Kuala Lumpur,gonorrhea,7.7
2017-01-01,464,W.P. Kuala Lumpur,hiv,23.75
2018-01-01,428,W.P. Kuala Lumpur,hiv,21.71
2019-01-01,448,W.P. Kuala Lumpur,hiv,25.16
2020-01-01,419,W.P. Kuala Lumpur,hiv,23.53
2021-01-01,324,W.P. Kuala Lumpur,hiv,18.55
2022-01-01,380,W.P. Kuala Lumpur,hiv,18.4
2017-01-01,320,W.P. Kuala Lumpur,syphillis,16.38
2018-01-01,367,W.P. Kuala Lumpur,syphillis,18.61
2019-01-01,404,W.P. Kuala Lumpur,syphillis,22.69
2020-01-01,410,W.P. Kuala Lumpur,syphillis,23.02
2021-01-01,430,W.P. Kuala Lumpur,syphillis,24.62
2022-01-01,523,W.P. Kuala Lumpur,syphillis,25.32
2017-01-01,3,W.P. Labuan,aids,3.03
2018-01-01,0,W.P. Labuan,aids,0.0
2019-01-01,4,W.P. Labuan,aids,4.03
2020-01-01,1,W.P. Labuan,aids,1.01
2021-01-01,0,W.P. Labuan,aids,0.0
2022-01-01,0,W.P. Labuan,aids,0.0
2017-01-01,0,W.P. Labuan,chancroid,0.0
2018-01-01,0,W.P. Labuan,chancroid,0.0
2019-01-01,0,W.P. Labuan,chancroid,0.0
2020-01-01,0,W.P. Labuan,chancroid,0.0
2021-01-01,0,W.P. Labuan,chancroid,0.0
2022-01-01,0,W.P. Labuan,chancroid,0.0
2017-01-01,54,W.P. Labuan,gonorrhea,54.55
2018-01-01,40,W.P. Labuan,gonorrhea,39.84
2019-01-01,24,W.P. Labuan,gonorrhea,24.17
2020-01-01,7,W.P. Labuan,gonorrhea,7.05
2021-01-01,0,W.P. Labuan,gonorrhea,0.0
2022-01-01,8,W.P. Labuan,gonorrhea,8.26
2017-01-01,16,W.P. Labuan,hiv,16.16
2018-01-01,15,W.P. Labuan,hiv,14.94
2019-01-01,15,W.P. Labuan,hiv,15.11
2020-01-01,8,W.P. Labuan,hiv,8.06
2021-01-01,15,W.P. Labuan,hiv,14.99
2022-01-01,13,W.P. Labuan,hiv,13.43
2017-01-01,12,W.P. Labuan,syphillis,12.12
2018-01-01,28,W.P. Labuan,syphillis,27.89
2019-01-01,9,W.P. Labuan,syphillis,9.06
2020-01-01,4,W.P. Labuan,syphillis,4.03
2021-01-01,2,W.P. Labuan,syphillis,2.0
2022-01-01,14,W.P. Labuan,syphillis,14.46
