date,sector,supply
2018-01-01,total,13156.104056110958
2018-02-01,total,12097.296631038118
2018-03-01,total,14028.97949296315
2018-04-01,total,13604.82168855314
2018-05-01,total,13934.682724633209
2018-06-01,total,13347.707247758404
2018-07-01,total,14252.213182557198
2018-08-01,total,14342.897929654371
2018-09-01,total,13359.051890100947
2018-10-01,total,14082.365777453364
2018-11-01,total,13550.993234309417
2018-12-01,total,13730.575007967718
2019-01-01,total,14108.832544588864
2019-02-01,total,12616.771694541756
2019-03-01,total,14632.336974068377
2019-04-01,total,14371.725167308241
2019-05-01,total,14694.2339605227
2019-06-01,total,13546.968095815266
2019-07-01,total,14501.535452615077
2019-08-01,total,14356.73955328454
2019-09-01,total,13967.939356520088
2019-10-01,total,14104.110340336487
2019-11-01,total,13727.232622115796
2019-12-01,total,13811.128407282811
2020-01-01,total,14196.160220969576
2020-02-01,total,13556.96813940105
2020-03-01,total,13522.390798413617
2020-04-01,total,11685.346570940272
2020-05-01,total,13263.175715859014
2020-06-01,total,13290.318082218557
2020-07-01,total,13866.936196377797
2020-08-01,total,14262.416222790402
2020-09-01,total,13726.89329859833
2020-10-01,total,14291.295161922279
2020-11-01,total,13434.773193759025
2020-12-01,total,13849.255644614741
2021-01-01,total,13569.243090006545
2021-02-01,total,12805.177817773105
2021-03-01,total,14849.603943127371
2021-04-01,total,14349.456008570443
2021-05-01,total,14451.451246251247
2021-06-01,total,12675.286826846845
2021-07-01,total,13227.838629922124
2021-08-01,total,13589.054742596794
2021-09-01,total,13810.493340577848
2021-10-01,total,14879.946884161962
2021-11-01,total,14137.371034829546
2021-12-01,total,14505.968158195014
2022-01-01,total,14649.168481851864
2022-02-01,total,13156.164496801053
2022-03-01,total,15033.769527503475
2022-04-01,total,14789.352317132467
2022-05-01,total,15152.527643881995
2022-06-01,total,14786.471917411265
2022-07-01,total,15298.520039079141
2022-08-01,total,15279.6385120643
2022-09-01,total,14615.954032646205
2022-10-01,total,14901.020640664483
2022-11-01,total,14413.886871159628
2022-12-01,total,14536.532310363806
2023-01-01,total,14408.451959287486
2023-02-01,total,13449.957391623228
2023-03-01,total,15225.552650022582
2023-04-01,total,14742.263645429395
2023-05-01,total,16090.171477335436
2023-06-01,total,15227.216878459425
2023-07-01,total,15519.271022751243
2023-08-01,total,15629.540431106727
2023-09-01,total,15117.776985122893
2023-10-01,total,15922.070216853252
2023-11-01,total,15051.374386154974
2023-12-01,total,15256.514029859769
2024-01-01,total,15769.690103679928
2024-02-01,total,15119.390942073562
2024-03-01,total,16763.336281305994
2024-04-01,total,16228.957257448088
2024-05-01,total,17089.30941723974
2024-06-01,total,15990.270326914579
2024-07-01,total,16877.23444658111
2024-08-01,total,16668.305152351808
2024-09-01,total,15725.309867837688
2024-10-01,total,16227.4143293547
2024-11-01,total,15480.94576047235
2024-12-01,total,15797.974786338082
2025-01-01,total,15490.397458538213
2025-02-01,total,14507.405362367557
2025-03-01,total,16151.454282484547
2025-04-01,total,15657.628507263507
2025-05-01,total,16759.3138068945
2025-06-01,total,16020.92514032125
2025-07-01,total,16878.55534605977
2025-08-01,total,16537.487588141437
2025-09-01,total,15844.039595623146
2025-10-01,total,16598.4467674058
2025-11-01,total,16118.271844125604
2025-12-01,total,16442.75067830983
2026-01-01,total,16412.64627213993
2026-02-01,total,15160.383595518337
2026-03-01,total,16920.821640000002
2026-04-01,total,17248.346567962042
2026-05-01,total,17563.33099274145
2026-06-01,total,17075.874964028048
2018-01-01,local,13154.765056110959
2018-02-01,local,12090.814411038118
2018-03-01,local,14028.89959296315
2018-04-01,local,13602.48068855314
2018-05-01,local,13934.599724633208
2018-06-01,local,13347.630247758405
2018-07-01,local,14250.034182557198
2018-08-01,local,14338.45692965437
2018-09-01,local,13358.380820100947
2018-10-01,local,14075.831337453365
2018-11-01,local,13550.144234309417
2018-12-01,local,13730.575007967718
2019-01-01,local,14108.789544588864
2019-02-01,local,12616.319694541757
2019-03-01,local,14627.944974068378
2019-04-01,local,14371.725167308241
2019-05-01,local,14694.2339605227
2019-06-01,local,13546.572095815265
2019-07-01,local,14501.535452615077
2019-08-01,local,14355.29055328454
2019-09-01,local,13962.659356520087
2019-10-01,local,14099.567340336487
2019-11-01,local,13722.156622115797
2019-12-01,local,13796.817407282811
2020-01-01,local,14196.160220969576
2020-02-01,local,13556.967439401049
2020-03-01,local,13522.390798413617
2020-04-01,local,11685.346570940272
2020-05-01,local,13263.171715859013
2020-06-01,local,13290.314082218556
2020-07-01,local,13866.936196377797
2020-08-01,local,14262.416222790402
2020-09-01,local,13723.61829859833
2020-10-01,local,14286.076861922278
2020-11-01,local,13433.544943759025
2020-12-01,local,13841.086644614741
2021-01-01,local,13568.841090006545
2021-02-01,local,12796.420817773105
2021-03-01,local,14848.303943127372
2021-04-01,local,14333.007008570443
2021-05-01,local,14447.845376251247
2021-06-01,local,12675.143436846845
2021-07-01,local,13227.501729922124
2021-08-01,local,13588.160742596794
2021-09-01,local,13810.493340577848
2021-10-01,local,14879.946884161962
2021-11-01,local,14135.455454829545
2021-12-01,local,14505.958458195013
2022-01-01,local,14649.168451851865
2022-02-01,local,13156.118646801053
2022-03-01,local,15033.769527503475
2022-04-01,local,14789.298887132467
2022-05-01,local,15151.074643881995
2022-06-01,local,14786.463617411266
2022-07-01,local,15297.705919079142
2022-08-01,local,15279.6385120643
2022-09-01,local,14615.954032646205
2022-10-01,local,14901.020640664483
2022-11-01,local,14413.767521159627
2022-12-01,local,14536.103060363806
2023-01-01,local,14408.436969287486
2023-02-01,local,13449.869651623227
2023-03-01,local,15225.504240022583
2023-04-01,local,14742.259695429395
2023-05-01,local,16068.241767335436
2023-06-01,local,15227.213378459424
2023-07-01,local,15519.198262751244
2023-08-01,local,15629.540431106727
2023-09-01,local,15107.093485122894
2023-10-01,local,15922.070216853252
2023-11-01,local,15051.369536154974
2023-12-01,local,15256.514029859769
2024-01-01,local,15769.690103679928
2024-02-01,local,15119.390942073562
2024-03-01,local,16722.711131305994
2024-04-01,local,16225.765507448088
2024-05-01,local,17089.30776723974
2024-06-01,local,15990.270326914579
2024-07-01,local,16875.33784658111
2024-08-01,local,16665.63630235181
2024-09-01,local,15725.309867837688
2024-10-01,local,16221.0709293547
2024-11-01,local,15480.94576047235
2024-12-01,local,15796.505986338081
2025-01-01,local,15488.616858538213
2025-02-01,local,14504.309062367558
2025-03-01,local,16151.406242484547
2025-04-01,local,15657.628507263507
2025-05-01,local,16759.3138068945
2025-06-01,local,16020.53264032125
2025-07-01,local,16878.55534605977
2025-08-01,local,16537.48463814144
2025-09-01,local,15832.741995623146
2025-10-01,local,16522.2641174058
2025-11-01,local,16043.487994125604
2025-12-01,local,16367.966828309829
2026-01-01,local,16411.59712213993
2026-02-01,local,15141.126745518337
2026-03-01,local,16901.56479
2026-04-01,local,17245.74653796204
2026-05-01,local,17563.328292741448
2026-06-01,local,17075.872264028047
2018-01-01,local_public,12966.441262110959
2018-02-01,local_public,11915.045002038118
2018-03-01,local_public,13838.28871496315
2018-04-01,local_public,13439.167965553139
2018-05-01,local_public,13779.662336633208
2018-06-01,local_public,13191.884740758405
2018-07-01,local_public,14094.950095557198
2018-08-01,local_public,14183.27620865437
2018-09-01,local_public,13203.790836100947
2018-10-01,local_public,13898.416877453365
2018-11-01,local_public,13371.234698309418
2018-12-01,local_public,13536.053336967718
2019-01-01,local_public,13927.144352588864
2019-02-01,local_public,12456.337641541757
2019-03-01,local_public,14446.137508068377
2019-04-01,local_public,14192.124987308242
2019-05-01,local_public,14508.9591505227
2019-06-01,local_public,13363.561493815265
2019-07-01,local_public,14323.553157615077
2019-08-01,local_public,14178.80062328454
2019-09-01,local_public,13785.427077520088
2019-10-01,local_public,13916.019441336488
2019-11-01,local_public,13530.601237115798
2019-12-01,local_public,13604.963797282811
2020-01-01,local_public,13983.174479129078
2020-02-01,local_public,13355.110971435768
2020-03-01,local_public,13314.36814497339
2020-04-01,local_public,11487.348324978211
2020-05-01,local_public,13073.218507841624
2020-06-01,local_public,13102.860632597421
2020-07-01,local_public,13675.85350739571
2020-08-01,local_public,14072.97872230996
2020-09-01,local_public,13533.376106941943
2020-10-01,local_public,14086.212595152454
2020-11-01,local_public,13247.822208461017
2020-12-01,local_public,13645.570120140483
2021-01-01,local_public,13375.570872074779
2021-02-01,local_public,12605.344499180532
2021-03-01,local_public,14646.756441371646
2021-04-01,local_public,14147.412435430746
2021-05-01,local_public,14255.2983152578
2021-06-01,local_public,12496.040715764495
2021-07-01,local_public,13053.632469494756
2021-08-01,local_public,13422.16053834843
2021-09-01,local_public,13637.638519013712
2021-10-01,local_public,14688.523497300454
2021-11-01,local_public,13953.793204886548
2021-12-01,local_public,14322.16267993209
2022-01-01,local_public,14461.446251414054
2022-02-01,local_public,12967.632335439197
2022-03-01,local_public,14844.353334926522
2022-04-01,local_public,14604.917400302471
2022-05-01,local_public,14963.639763088142
2022-06-01,local_public,14598.615967391814
2022-07-01,local_public,15109.150385824909
2022-08-01,local_public,15091.17748557988
2022-09-01,local_public,14427.237891210656
2022-10-01,local_public,14712.29656364171
2022-11-01,local_public,14224.379827586348
2022-12-01,local_public,14346.298276281646
2023-01-01,local_public,13888.4969237841
2023-02-01,local_public,12942.324689000001
2023-03-01,local_public,14711.514703
2023-04-01,local_public,14229.135653
2023-05-01,local_public,15551.892496
2023-06-01,local_public,14722.349808
2023-07-01,local_public,15014.526548
2023-08-01,local_public,15124.806061000001
2023-09-01,local_public,14590.072092999999
2023-10-01,local_public,15404.286198
2023-11-01,local_public,14532.294488
2023-12-01,local_public,14740.217505999999
2024-01-01,local_public,15243.927584149891
2024-02-01,local_public,14602.087145055692
2024-03-01,local_public,16207.465136698358
2024-04-01,local_public,15703.978018790734
2024-05-01,local_public,16565.73687245175
2024-06-01,local_public,15466.808472346536
2024-07-01,local_public,16348.111283462968
2024-08-01,local_public,16139.007401182245
2024-09-01,local_public,15200.101180629914
2024-10-01,local_public,15694.634255849785
2024-11-01,local_public,14954.97107079839
2024-12-01,local_public,15270.456268517395
2025-01-01,local_public,14951.577356584396
2025-02-01,local_public,13968.94661017363
2025-03-01,local_public,15613.371206916556
2025-04-01,local_public,15120.257236
2025-05-01,local_public,16237.045521
2025-06-01,local_public,15487.217764
2025-07-01,local_public,16344.779335
2025-08-01,local_public,15999.303595
2025-09-01,local_public,15296.782299
2025-10-01,local_public,15985.393141
2025-11-01,local_public,15506.697810999998
2025-12-01,local_public,15830.015909
2026-01-01,local_public,15872.520522139932
2026-02-01,local_public,14607.725245518337
2026-03-01,local_public,16366.86479
2026-04-01,local_public,16709.956778409698
2026-05-01,local_public,17018.7809915
2026-06-01,local_public,16531.8090286
2018-01-01,local_private,188.323794
2018-02-01,local_private,175.769409
2018-03-01,local_private,190.610878
2018-04-01,local_private,163.312723
2018-05-01,local_private,154.937388
2018-06-01,local_private,155.745507
2018-07-01,local_private,155.084087
2018-08-01,local_private,155.180721
2018-09-01,local_private,154.589984
2018-10-01,local_private,177.41446
2018-11-01,local_private,178.909536
2018-12-01,local_private,194.521671
2019-01-01,local_private,181.645192
2019-02-01,local_private,159.982053
2019-03-01,local_private,181.807466
2019-04-01,local_private,179.60018
2019-05-01,local_private,185.27481
2019-06-01,local_private,183.010602
2019-07-01,local_private,177.982295
2019-08-01,local_private,176.48993
2019-09-01,local_private,177.232279
2019-10-01,local_private,183.547899
2019-11-01,local_private,191.555385
2019-12-01,local_private,191.85361
2020-01-01,local_private,212.9857418404967
2020-02-01,local_private,201.8564679652816
2020-03-01,local_private,208.02265344022572
2020-04-01,local_private,197.99824596206054
2020-05-01,local_private,189.9532080173879
2020-06-01,local_private,187.45344962113379
2020-07-01,local_private,191.08268898208715
2020-08-01,local_private,189.4375004804423
2020-09-01,local_private,190.24219165638735
2020-10-01,local_private,199.86426676982407
2020-11-01,local_private,185.72273529800816
2020-12-01,local_private,195.5165244742584
2021-01-01,local_private,193.27021793176604
2021-02-01,local_private,191.07631859257427
2021-03-01,local_private,201.54750175572516
2021-04-01,local_private,185.59457313969642
2021-05-01,local_private,192.54706099344693
2021-06-01,local_private,179.10272108235048
2021-07-01,local_private,173.86926042736667
2021-08-01,local_private,166.00020424836487
2021-09-01,local_private,172.85482156413605
2021-10-01,local_private,191.42338686150916
2021-11-01,local_private,181.66224994299685
2021-12-01,local_private,183.79577826292288
2022-01-01,local_private,187.72220043781027
2022-02-01,local_private,188.4863113618562
2022-03-01,local_private,189.4161925769528
2022-04-01,local_private,184.38148682999588
2022-05-01,local_private,187.4348807938523
2022-06-01,local_private,187.84765001945254
2022-07-01,local_private,188.55553325423372
2022-08-01,local_private,188.461026484422
2022-09-01,local_private,188.71614143554797
2022-10-01,local_private,188.72407702277224
2022-11-01,local_private,189.38769357327843
2022-12-01,local_private,189.8047840821605
2023-01-01,local_private,519.9400455033866
2023-02-01,local_private,507.544962623226
2023-03-01,local_private,513.9895370225814
2023-04-01,local_private,513.1240424293951
2023-05-01,local_private,516.3492713354349
2023-06-01,local_private,504.86357045942265
2023-07-01,local_private,504.6717147512436
2023-08-01,local_private,504.73437010672563
2023-09-01,local_private,517.0213921228946
2023-10-01,local_private,517.7840188532509
2023-11-01,local_private,519.0750481549755
2023-12-01,local_private,516.2965238597694
2024-01-01,local_private,525.7625195300373
2024-02-01,local_private,517.3037970178705
2024-03-01,local_private,515.245994607637
2024-04-01,local_private,521.7874886573528
2024-05-01,local_private,523.5708947879898
2024-06-01,local_private,523.4618545680431
2024-07-01,local_private,527.2265631181425
2024-08-01,local_private,526.6289011695653
2024-09-01,local_private,525.2086872077751
2024-10-01,local_private,526.4366735049159
2024-11-01,local_private,525.9746896739595
2024-12-01,local_private,526.0497178206855
2025-01-01,local_private,537.0395019538175
2025-02-01,local_private,535.3624521939266
2025-03-01,local_private,538.0350355679911
2025-04-01,local_private,537.3712712635084
2025-05-01,local_private,522.2682858945022
2025-06-01,local_private,533.3148763212488
2025-07-01,local_private,533.7760110597713
2025-08-01,local_private,538.1810431414381
2025-09-01,local_private,535.9596966231447
2025-10-01,local_private,536.870976405799
2025-11-01,local_private,536.7901831256064
2025-12-01,local_private,537.9509193098284
2026-01-01,local_private,539.0766
2026-02-01,local_private,533.4015
2026-03-01,local_private,534.7
2026-04-01,local_private,535.7897595523428
2026-05-01,local_private,544.5473012414484
2026-06-01,local_private,544.0632354280463
2018-01-01,imports,1.339
2018-02-01,imports,6.48222
2018-03-01,imports,0.0799
2018-04-01,imports,2.341
2018-05-01,imports,0.083
2018-06-01,imports,0.077
2018-07-01,imports,2.179
2018-08-01,imports,4.441
2018-09-01,imports,0.67107
2018-10-01,imports,6.53444
2018-11-01,imports,0.849
2018-12-01,imports,0.0
2019-01-01,imports,0.043
2019-02-01,imports,0.452
2019-03-01,imports,4.392
2019-04-01,imports,0.0
2019-05-01,imports,0.0
2019-06-01,imports,0.396
2019-07-01,imports,0.0
2019-08-01,imports,1.449
2019-09-01,imports,5.28
2019-10-01,imports,4.543
2019-11-01,imports,5.076
2019-12-01,imports,14.311
2020-01-01,imports,0.0
2020-02-01,imports,0.0007
2020-03-01,imports,0.0
2020-04-01,imports,0.0
2020-05-01,imports,0.004
2020-06-01,imports,0.004
2020-07-01,imports,0.0
2020-08-01,imports,0.0
2020-09-01,imports,3.275
2020-10-01,imports,5.2183
2020-11-01,imports,1.22825
2020-12-01,imports,8.169
2021-01-01,imports,0.402
2021-02-01,imports,8.757
2021-03-01,imports,1.3
2021-04-01,imports,16.449
2021-05-01,imports,3.60587
2021-06-01,imports,0.14339
2021-07-01,imports,0.3369
2021-08-01,imports,0.894
2021-09-01,imports,0.0
2021-10-01,imports,0.0
2021-11-01,imports,1.91558
2021-12-01,imports,0.009699999999999999
2022-01-01,imports,2.9999999999999997e-05
2022-02-01,imports,0.04585
2022-03-01,imports,0.0
2022-04-01,imports,0.05343
2022-05-01,imports,1.453
2022-06-01,imports,0.0083
2022-07-01,imports,0.81412
2022-08-01,imports,0.0
2022-09-01,imports,0.0
2022-10-01,imports,0.0
2022-11-01,imports,0.11935
2022-12-01,imports,0.42925
2023-01-01,imports,0.01499
2023-02-01,imports,0.08774
2023-03-01,imports,0.04841
2023-04-01,imports,0.00395
2023-05-01,imports,21.92971
2023-06-01,imports,0.0035
2023-07-01,imports,0.07276
2023-08-01,imports,0.0
2023-09-01,imports,10.6835
2023-10-01,imports,0.0
2023-11-01,imports,0.00485
2023-12-01,imports,0.0
2024-01-01,imports,0.0
2024-02-01,imports,0.0
2024-03-01,imports,40.62515
2024-04-01,imports,3.19175
2024-05-01,imports,0.00165
2024-06-01,imports,0.0
2024-07-01,imports,1.8966
2024-08-01,imports,2.66885
2024-09-01,imports,0.0
2024-10-01,imports,6.3434
2024-11-01,imports,0.0
2024-12-01,imports,1.4688
2025-01-01,imports,1.7806
2025-02-01,imports,3.0963
2025-03-01,imports,0.04804
2025-04-01,imports,0.0
2025-05-01,imports,0.0
2025-06-01,imports,0.3925
2025-07-01,imports,0.0
2025-08-01,imports,0.00295
2025-09-01,imports,11.297600000000001
2025-10-01,imports,76.18265
2025-11-01,imports,74.78385
2025-12-01,imports,74.78385
2026-01-01,imports,1.04915
2026-02-01,imports,19.25685
2026-03-01,imports,19.25685
2026-04-01,imports,2.60003
2026-05-01,imports,0.0027
2026-06-01,imports,0.0027
2018-01-01,distribution,13156.104056110958
2018-02-01,distribution,12097.296631038118
2018-03-01,distribution,14028.97949296315
2018-04-01,distribution,13604.82168855314
2018-05-01,distribution,13934.682724633209
2018-06-01,distribution,13347.707247758404
2018-07-01,distribution,14252.213182557198
2018-08-01,distribution,14342.897929654371
2018-09-01,distribution,13359.051890100947
2018-10-01,distribution,14082.365777453364
2018-11-01,distribution,13550.993234309417
2018-12-01,distribution,13730.575007967718
2019-01-01,distribution,14108.832544588864
2019-02-01,distribution,12616.771694541756
2019-03-01,distribution,14632.336974068377
2019-04-01,distribution,14371.725167308241
2019-05-01,distribution,14694.2339605227
2019-06-01,distribution,13546.968095815266
2019-07-01,distribution,14501.535452615077
2019-08-01,distribution,14356.73955328454
2019-09-01,distribution,13967.939356520088
2019-10-01,distribution,14104.110340336487
2019-11-01,distribution,13727.232622115796
2019-12-01,distribution,13811.128407282811
2020-01-01,distribution,14196.160220969576
2020-02-01,distribution,13556.96813940105
2020-03-01,distribution,13522.390798413617
2020-04-01,distribution,11685.346570940272
2020-05-01,distribution,13263.175715859014
2020-06-01,distribution,13290.318082218557
2020-07-01,distribution,13866.936196377797
2020-08-01,distribution,14262.416222790402
2020-09-01,distribution,13726.89329859833
2020-10-01,distribution,14291.295161922279
2020-11-01,distribution,13434.773193759025
2020-12-01,distribution,13849.255644614741
2021-01-01,distribution,13569.243090006545
2021-02-01,distribution,12805.177817773105
2021-03-01,distribution,14849.603943127371
2021-04-01,distribution,14349.456008570443
2021-05-01,distribution,14451.451246251247
2021-06-01,distribution,12675.286826846845
2021-07-01,distribution,13227.838629922124
2021-08-01,distribution,13589.054742596794
2021-09-01,distribution,13810.493340577848
2021-10-01,distribution,14879.946884161962
2021-11-01,distribution,14137.371034829546
2021-12-01,distribution,14505.968158195014
2022-01-01,distribution,14649.168481851864
2022-02-01,distribution,13156.164496801053
2022-03-01,distribution,15033.769527503475
2022-04-01,distribution,14789.352317132467
2022-05-01,distribution,15152.527643881995
2022-06-01,distribution,14786.471917411265
2022-07-01,distribution,15298.520039079141
2022-08-01,distribution,15279.6385120643
2022-09-01,distribution,14615.954032646205
2022-10-01,distribution,14901.020640664483
2022-11-01,distribution,14413.886871159628
2022-12-01,distribution,14536.532310363806
2023-01-01,distribution,14408.451959287486
2023-02-01,distribution,13449.957391623228
2023-03-01,distribution,15225.552650022582
2023-04-01,distribution,14742.263645429395
2023-05-01,distribution,16090.171477335436
2023-06-01,distribution,15227.216878459425
2023-07-01,distribution,15519.271022751243
2023-08-01,distribution,15629.540431106727
2023-09-01,distribution,15117.776985122893
2023-10-01,distribution,15922.070216853252
2023-11-01,distribution,15051.374386154974
2023-12-01,distribution,15256.514029859769
2024-01-01,distribution,15769.690103679928
2024-02-01,distribution,15119.390942073562
2024-03-01,distribution,16763.336281305994
2024-04-01,distribution,16228.957257448088
2024-05-01,distribution,17089.30941723974
2024-06-01,distribution,15990.270326914579
2024-07-01,distribution,16877.23444658111
2024-08-01,distribution,16668.305152351808
2024-09-01,distribution,15725.309867837688
2024-10-01,distribution,16227.4143293547
2024-11-01,distribution,15480.94576047235
2024-12-01,distribution,15797.974786338082
2025-01-01,distribution,15490.397458538213
2025-02-01,distribution,14507.405362367557
2025-03-01,distribution,16151.454282484547
2025-04-01,distribution,15657.628507263507
2025-05-01,distribution,16759.3138068945
2025-06-01,distribution,16020.92514032125
2025-07-01,distribution,16878.55534605977
2025-08-01,distribution,16537.487588141437
2025-09-01,distribution,15844.039595623146
2025-10-01,distribution,16598.4467674058
2025-11-01,distribution,16118.271844125604
2025-12-01,distribution,16442.75067830983
2026-01-01,distribution,16412.64627213993
2026-02-01,distribution,15160.383595518337
2026-03-01,distribution,16920.821640000002
2026-04-01,distribution,17248.346567962042
2026-05-01,distribution,17563.33099274145
2026-06-01,distribution,17075.874964028048
