date,sector,consumption
2018-01-01,total,13156.104056110958
2018-02-01,total,12097.296631038118
2018-03-01,total,14028.97949296315
2018-04-01,total,13604.82168855314
2018-05-01,total,13934.682724633209
2018-06-01,total,13347.707247758404
2018-07-01,total,14252.213182557198
2018-08-01,total,14342.897929654371
2018-09-01,total,13359.051890100947
2018-10-01,total,14082.365777453364
2018-11-01,total,13550.993234309417
2018-12-01,total,13730.575007967718
2019-01-01,total,14108.832544588864
2019-02-01,total,12616.771694541756
2019-03-01,total,14632.336974068377
2019-04-01,total,14371.725167308241
2019-05-01,total,14694.2339605227
2019-06-01,total,13546.968095815266
2019-07-01,total,14501.535452615077
2019-08-01,total,14356.73955328454
2019-09-01,total,13967.939356520088
2019-10-01,total,14104.110340336487
2019-11-01,total,13727.232622115796
2019-12-01,total,13811.128407282811
2020-01-01,total,14196.160220969576
2020-02-01,total,13556.968139401051
2020-03-01,total,13522.390798413617
2020-04-01,total,11685.346570940272
2020-05-01,total,13263.175715859014
2020-06-01,total,13290.318082218557
2020-07-01,total,13866.936196377797
2020-08-01,total,14262.416222790402
2020-09-01,total,13726.89329859833
2020-10-01,total,14291.295161922279
2020-11-01,total,13434.773193759025
2020-12-01,total,13849.255644614743
2021-01-01,total,13569.243090006545
2021-02-01,total,12805.177817773103
2021-03-01,total,14849.603943127371
2021-04-01,total,14349.456008570443
2021-05-01,total,14451.451246251247
2021-06-01,total,12675.286826846845
2021-07-01,total,13227.838629922124
2021-08-01,total,13589.054742596794
2021-09-01,total,13810.493340577848
2021-10-01,total,14879.946884161962
2021-11-01,total,14137.371034829546
2021-12-01,total,14505.968158195014
2022-01-01,total,14649.168481851864
2022-02-01,total,13156.164496801053
2022-03-01,total,15033.769527503475
2022-04-01,total,14789.352317132467
2022-05-01,total,15152.527643881995
2022-06-01,total,14786.471917411265
2022-07-01,total,15298.520039079141
2022-08-01,total,15279.6385120643
2022-09-01,total,14615.954032646205
2022-10-01,total,14901.020640664483
2022-11-01,total,14413.886871159628
2022-12-01,total,14536.532310363804
2023-01-01,total,14408.451959287486
2023-02-01,total,13449.957391623228
2023-03-01,total,15225.552650022582
2023-04-01,total,14742.263645429395
2023-05-01,total,16090.171477335436
2023-06-01,total,15227.216878459425
2023-07-01,total,15519.271022751243
2023-08-01,total,15629.540431106727
2023-09-01,total,15117.776985122893
2023-10-01,total,15922.070216853252
2023-11-01,total,15051.374386154974
2023-12-01,total,15256.514029859769
2024-01-01,total,15769.690103679928
2024-02-01,total,15119.390942073562
2024-03-01,total,16763.336281305994
2024-04-01,total,16228.957257448088
2024-05-01,total,17089.30941723974
2024-06-01,total,15990.270326914579
2024-07-01,total,16877.23444658111
2024-08-01,total,16668.305152351808
2024-09-01,total,15725.309867837688
2024-10-01,total,16227.4143293547
2024-11-01,total,15480.94576047235
2024-12-01,total,15797.974786338082
2025-01-01,total,15490.397458538213
2025-02-01,total,14507.405362367557
2025-03-01,total,16151.454282484548
2025-04-01,total,15657.628507263507
2025-05-01,total,16759.3138068945
2025-06-01,total,16020.92514032125
2025-07-01,total,16878.55534605977
2025-08-01,total,16537.487588141437
2025-09-01,total,15844.039595623146
2025-10-01,total,16598.4467674058
2025-11-01,total,16118.271844125604
2025-12-01,total,16442.75067830983
2026-01-01,total,16412.64627213993
2026-02-01,total,15160.383595518337
2026-03-01,total,16920.821640000002
2026-04-01,total,17248.346567962042
2026-05-01,total,17563.33099274145
2026-06-01,total,17075.874964028048
2018-01-01,local,11845.900250366072
2018-02-01,local,11091.957006488283
2018-03-01,local,12244.089946954538
2018-04-01,local,12018.584576828398
2018-05-01,local,12267.998389828028
2018-06-01,local,11718.327747654244
2018-07-01,local,12549.891139322239
2018-08-01,local,12523.897610381391
2018-09-01,local,11959.078381002888
2018-10-01,local,12524.427860172873
2018-11-01,local,12068.57475425387
2018-12-01,local,12375.386214747177
2019-01-01,local,12551.019664803756
2019-02-01,local,11566.876328724595
2019-03-01,local,12750.44043299862
2019-04-01,local,12943.806407009228
2019-05-01,local,12786.932297938525
2019-06-01,local,12157.910354688142
2019-07-01,local,12766.752171364002
2019-08-01,local,12730.101089160806
2019-09-01,local,12359.448876536553
2019-10-01,local,12544.54287188919
2019-11-01,local,12220.807380677976
2019-12-01,local,12375.776498279754
2020-01-01,local,12663.716738107407
2020-02-01,local,12249.906878283657
2020-03-01,local,11699.290989351843
2020-04-01,local,10349.141634806634
2020-05-01,local,11570.619048745171
2020-06-01,local,11751.316874619091
2020-07-01,local,12381.463346189073
2020-08-01,local,12543.160058752128
2020-09-01,local,12436.148407303446
2020-10-01,local,12758.637190295922
2020-11-01,local,12122.769498085523
2020-12-01,local,12231.228997967688
2021-01-01,local,12157.209476818183
2021-02-01,local,11595.539692391305
2021-03-01,local,12960.81040007616
2021-04-01,local,12718.137118598423
2021-05-01,local,12675.56142460442
2021-06-01,local,11100.331582430035
2021-07-01,local,11590.082115172583
2021-08-01,local,12011.964066766823
2021-09-01,local,12446.853350471847
2021-10-01,local,13086.443119099726
2021-11-01,local,12708.140604309527
2021-12-01,local,12956.134257063819
2022-01-01,local,12883.549638437811
2022-02-01,local,11801.220593061855
2022-03-01,local,13248.439351006953
2022-04-01,local,13065.712446829993
2022-05-01,local,13212.12517679385
2022-06-01,local,13175.440710819452
2022-07-01,local,13316.529849254233
2022-08-01,local,13404.533676484421
2022-09-01,local,13008.514105615548
2022-10-01,local,13133.61150502277
2022-11-01,local,12835.36026254336
2022-12-01,local,12954.39240625216
2023-01-01,local,13054.926240503386
2023-02-01,local,12636.451038623227
2023-03-01,local,13916.852063022587
2023-04-01,local,13555.530008459395
2023-05-01,local,14624.168641265427
2023-06-01,local,13979.217353459446
2023-07-01,local,14244.778304440828
2023-08-01,local,14156.686420268386
2023-09-01,local,14087.951059863886
2023-10-01,local,14466.939147301631
2023-11-01,local,14064.805494519
2023-12-01,local,14189.484445020029
2024-01-01,local,14511.137759221238
2024-02-01,local,14017.123104990813
2024-03-01,local,15100.874313436998
2024-04-01,local,14647.821222819715
2024-05-01,local,15316.161071324837
2024-06-01,local,14512.145493635828
2024-07-01,local,15266.563327100543
2024-08-01,local,15057.986166124714
2024-09-01,local,14302.150242598089
2024-10-01,local,14715.315129792121
2024-11-01,local,13992.286127024268
2024-12-01,local,14310.069276661938
2025-01-01,local,14252.970978547624
2025-02-01,local,13708.155174300235
2025-03-01,local,14818.786321481683
2025-04-01,local,14693.484873174211
2025-05-01,local,15555.66324425351
2025-06-01,local,14959.398905567466
2025-07-01,local,15701.270916153524
2025-08-01,local,15194.65081985365
2025-09-01,local,14358.411621252917
2025-10-01,local,15994.880084403256
2025-11-01,local,14856.745508352617
2025-12-01,local,15285.068802213355
2026-01-01,local,15401.940995761834
2026-02-01,local,14482.156315879
2026-03-01,local,15594.703768239999
2026-04-01,local,15936.812030590547
2026-05-01,local,16530.462494961448
2026-06-01,local,16144.082925938048
2018-01-01,local_commercial,9390.080800769996
2018-02-01,local_commercial,8561.415143228729
2018-03-01,local_commercial,9659.320214866322
2018-04-01,local_commercial,9340.784016555946
2018-05-01,local_commercial,9525.937601765223
2018-06-01,local_commercial,9090.549881417612
2018-07-01,local_commercial,9804.790350016034
2018-08-01,local_commercial,9839.948202785974
2018-09-01,local_commercial,9395.25980619074
2018-10-01,local_commercial,9939.99099146087
2018-11-01,local_commercial,9530.094915774338
2018-12-01,local_commercial,9695.131200168214
2019-01-01,local_commercial,9806.591170539537
2019-02-01,local_commercial,8762.477741368668
2019-03-01,local_commercial,10001.938713610458
2019-04-01,local_commercial,9984.77257315931
2019-05-01,local_commercial,9955.331262060286
2019-06-01,local_commercial,9325.607423053161
2019-07-01,local_commercial,9924.7516467178
2019-08-01,local_commercial,9885.678436813008
2019-09-01,local_commercial,9624.753384354068
2019-10-01,local_commercial,9867.044969501034
2019-11-01,local_commercial,9579.05358154765
2019-12-01,local_commercial,9650.754813146164
2020-01-01,local_commercial,9794.372473013062
2020-02-01,local_commercial,9381.811342181763
2020-03-01,local_commercial,8809.560864715995
2020-04-01,local_commercial,7209.282719754847
2020-05-01,local_commercial,7623.061580682024
2020-06-01,local_commercial,8733.469808289672
2020-07-01,local_commercial,9376.72161572112
2020-08-01,local_commercial,9553.317405522816
2020-09-01,local_commercial,9534.58470597987
2020-10-01,local_commercial,9784.699068542443
2020-11-01,local_commercial,9179.293057956924
2020-12-01,local_commercial,9410.638187147053
2021-01-01,local_commercial,9118.32410606924
2021-02-01,local_commercial,8500.055352939267
2021-03-01,local_commercial,9885.082042015252
2021-04-01,local_commercial,9595.732563152076
2021-05-01,local_commercial,9243.155745480215
2021-06-01,local_commercial,7802.305208957809
2021-07-01,local_commercial,8173.249012716132
2021-08-01,local_commercial,8739.395240665728
2021-09-01,local_commercial,9205.928582849265
2021-10-01,local_commercial,9907.907410338321
2021-11-01,local_commercial,9700.69295667445
2021-12-01,local_commercial,9922.392808945093
2022-01-01,local_commercial,9732.407496417754
2022-02-01,local_commercial,8738.5681752538
2022-03-01,local_commercial,9958.958766734455
2022-04-01,local_commercial,9749.817667978214
2022-05-01,local_commercial,9840.551929940439
2022-06-01,local_commercial,9896.17269365883
2022-07-01,local_commercial,10032.917829962738
2022-08-01,local_commercial,10199.038525837832
2022-09-01,local_commercial,9895.053303529508
2022-10-01,local_commercial,10035.723730516422
2022-11-01,local_commercial,9800.13780020796
2022-12-01,local_commercial,9915.115711765915
2023-01-01,local_commercial,10021.783250503386
2023-02-01,local_commercial,9570.569277623226
2023-03-01,local_commercial,10552.455988022586
2023-04-01,local_commercial,10039.103215359395
2023-05-01,local_commercial,10913.360992265427
2023-06-01,local_commercial,10465.052544459446
2023-07-01,local_commercial,10722.413361440827
2023-08-01,local_commercial,10714.831901268386
2023-09-01,local_commercial,10595.489481863886
2023-10-01,local_commercial,11062.163929331631
2023-11-01,local_commercial,10799.486454459
2023-12-01,local_commercial,10850.390636020029
2024-01-01,local_commercial,10959.700084221238
2024-02-01,local_commercial,10341.667944990813
2024-03-01,local_commercial,11193.025537436997
2024-04-01,local_commercial,10787.414807819716
2024-05-01,local_commercial,11468.877546324837
2024-06-01,local_commercial,10875.718483635828
2024-07-01,local_commercial,11471.285602100543
2024-08-01,local_commercial,11436.779587124714
2024-09-01,local_commercial,10755.820885598088
2024-10-01,local_commercial,11066.681986522122
2024-11-01,local_commercial,10625.74725002427
2024-12-01,local_commercial,10882.939407661937
2025-01-01,local_commercial,10823.435536547624
2025-02-01,local_commercial,10260.750623300235
2025-03-01,local_commercial,11162.330356291683
2025-04-01,local_commercial,10946.645910874211
2025-05-01,local_commercial,11557.76808473351
2025-06-01,local_commercial,11089.650190467466
2025-07-01,local_commercial,11663.148154383523
2025-08-01,local_commercial,11430.864839823651
2025-09-01,local_commercial,10698.264392012918
2025-10-01,local_commercial,12226.885120683257
2025-11-01,local_commercial,11356.971861351616
2025-12-01,local_commercial,11753.747430213354
2026-01-01,local_commercial,11722.888561735803
2026-02-01,local_commercial,10804.6877094296
2026-03-01,local_commercial,11505.072983799999
2026-04-01,local_commercial,11948.451791821095
2026-05-01,local_commercial,12297.387247241448
2026-06-01,local_commercial,12111.642882058048
2018-01-01,local_domestic,2455.819449596076
2018-02-01,local_domestic,2530.5418632595533
2018-03-01,local_domestic,2584.7697320882157
2018-04-01,local_domestic,2677.8005602724515
2018-05-01,local_domestic,2742.0607880628045
2018-06-01,local_domestic,2627.7778662366327
2018-07-01,local_domestic,2745.1007893062047
2018-08-01,local_domestic,2683.9494075954162
2018-09-01,local_domestic,2563.818574812149
2018-10-01,local_domestic,2584.4368687120027
2018-11-01,local_domestic,2538.4798384795317
2018-12-01,local_domestic,2680.2550145789623
2019-01-01,local_domestic,2744.42849426422
2019-02-01,local_domestic,2804.3985873559272
2019-03-01,local_domestic,2748.501719388161
2019-04-01,local_domestic,2959.033833849919
2019-05-01,local_domestic,2831.6010358782382
2019-06-01,local_domestic,2832.3029316349803
2019-07-01,local_domestic,2842.0005246462033
2019-08-01,local_domestic,2844.4226523477973
2019-09-01,local_domestic,2734.6954921824845
2019-10-01,local_domestic,2677.497902388157
2019-11-01,local_domestic,2641.7537991303248
2019-12-01,local_domestic,2725.0216851335895
2020-01-01,local_domestic,2869.3442650943457
2020-02-01,local_domestic,2868.0955361018932
2020-03-01,local_domestic,2889.7301246358475
2020-04-01,local_domestic,3139.858915051787
2020-05-01,local_domestic,3947.557468063146
2020-06-01,local_domestic,3017.847066329419
2020-07-01,local_domestic,3004.741730467953
2020-08-01,local_domestic,2989.8426532293133
2020-09-01,local_domestic,2901.563701323576
2020-10-01,local_domestic,2973.93812175348
2020-11-01,local_domestic,2943.4764401285984
2020-12-01,local_domestic,2820.5908108206354
2021-01-01,local_domestic,3038.885370748943
2021-02-01,local_domestic,3095.4843394520376
2021-03-01,local_domestic,3075.7283580609064
2021-04-01,local_domestic,3122.4045554463464
2021-05-01,local_domestic,3432.405679124206
2021-06-01,local_domestic,3298.026373472227
2021-07-01,local_domestic,3416.8331024564504
2021-08-01,local_domestic,3272.568826101095
2021-09-01,local_domestic,3240.924767622583
2021-10-01,local_domestic,3178.5357087614043
2021-11-01,local_domestic,3007.4476476350774
2021-12-01,local_domestic,3033.741448118727
2022-01-01,local_domestic,3151.1421420200563
2022-02-01,local_domestic,3062.652417808055
2022-03-01,local_domestic,3289.480584272498
2022-04-01,local_domestic,3315.8947788517803
2022-05-01,local_domestic,3371.573246853412
2022-06-01,local_domestic,3279.268017160623
2022-07-01,local_domestic,3283.612019291495
2022-08-01,local_domestic,3205.4951506465895
2022-09-01,local_domestic,3113.4608020860387
2022-10-01,local_domestic,3097.887774506349
2022-11-01,local_domestic,3035.2224623354
2022-12-01,local_domestic,3039.2766944862456
2023-01-01,local_domestic,3033.14299
2023-02-01,local_domestic,3065.881761
2023-03-01,local_domestic,3364.396075
2023-04-01,local_domestic,3516.4267931
2023-05-01,local_domestic,3710.807649
2023-06-01,local_domestic,3514.164809
2023-07-01,local_domestic,3522.364943
2023-08-01,local_domestic,3441.854519
2023-09-01,local_domestic,3492.461578
2023-10-01,local_domestic,3404.7752179699996
2023-11-01,local_domestic,3265.31904006
2023-12-01,local_domestic,3339.093809
2024-01-01,local_domestic,3551.437675
2024-02-01,local_domestic,3675.45516
2024-03-01,local_domestic,3907.848776
2024-04-01,local_domestic,3860.406415
2024-05-01,local_domestic,3847.283525
2024-06-01,local_domestic,3636.42701
2024-07-01,local_domestic,3795.277725
2024-08-01,local_domestic,3621.206579
2024-09-01,local_domestic,3546.329357
2024-10-01,local_domestic,3648.63314327
2024-11-01,local_domestic,3366.538877
2024-12-01,local_domestic,3427.129869
2025-01-01,local_domestic,3429.535442
2025-02-01,local_domestic,3447.404551
2025-03-01,local_domestic,3656.45596519
2025-04-01,local_domestic,3746.8389623000003
2025-05-01,local_domestic,3997.89515952
2025-06-01,local_domestic,3869.7487151
2025-07-01,local_domestic,4038.12276177
2025-08-01,local_domestic,3763.7859800300002
2025-09-01,local_domestic,3660.14722924
2025-10-01,local_domestic,3767.9949637199998
2025-11-01,local_domestic,3499.773647001
2025-12-01,local_domestic,3531.321372
2026-01-01,local_domestic,3679.0524340260304
2026-02-01,local_domestic,3677.4686064494
2026-03-01,local_domestic,4089.6307844400003
2026-04-01,local_domestic,3988.3602387694514
2026-05-01,local_domestic,4233.075247719999
2026-06-01,local_domestic,4032.44004388
2018-01-01,exports,109.82
2018-02-01,exports,101.5
2018-03-01,exports,103.785
2018-04-01,exports,102.002
2018-05-01,exports,142.261
2018-06-01,exports,141.659
2018-07-01,exports,138.707
2018-08-01,exports,139.507
2018-09-01,exports,137.718
2018-10-01,exports,132.991
2018-11-01,exports,126.182
2018-12-01,exports,132.36
2019-01-01,exports,146.324
2019-02-01,exports,127.714
2019-03-01,exports,146.318
2019-04-01,exports,145.907
2019-05-01,exports,144.063
2019-06-01,exports,134.789
2019-07-01,exports,144.631
2019-08-01,exports,154.706
2019-09-01,exports,148.348
2019-10-01,exports,142.979
2019-11-01,exports,131.062
2019-12-01,exports,130.68
2020-01-01,exports,129.7
2020-02-01,exports,145.745
2020-03-01,exports,148.75855
2020-04-01,exports,143.921
2020-05-01,exports,138.609
2020-06-01,exports,125.662
2020-07-01,exports,128.298
2020-08-01,exports,140.393
2020-09-01,exports,124.32709
2020-10-01,exports,129.284
2020-11-01,exports,116.514
2020-12-01,exports,99.263
2021-01-01,exports,134.76173
2021-02-01,exports,84.21
2021-03-01,exports,122.645
2021-04-01,exports,112.167
2021-05-01,exports,103.623
2021-06-01,exports,57.788
2021-07-01,exports,67.48905
2021-08-01,exports,46.02522
2021-09-01,exports,70.984
2021-10-01,exports,58.20315
2021-11-01,exports,45.92575
2021-12-01,exports,70.63773
2022-01-01,exports,58.723
2022-02-01,exports,45.186
2022-03-01,exports,60.882
2022-04-01,exports,51.101
2022-05-01,exports,66.926
2022-06-01,exports,67.315
2022-07-01,exports,68.613
2022-08-01,exports,80.859
2022-09-01,exports,100.503
2022-10-01,exports,65.066
2022-11-01,exports,76.986
2022-12-01,exports,73.576
2023-01-01,exports,77.20145
2023-02-01,exports,65.138
2023-03-01,exports,69.93832
2023-04-01,exports,61.945
2023-05-01,exports,79.45735
2023-06-01,exports,74.33
2023-07-01,exports,67.754
2023-08-01,exports,76.32285
2023-09-01,exports,80.6779
2023-10-01,exports,91.1228
2023-11-01,exports,67.972
2023-12-01,exports,81.191
2024-01-01,exports,69.819
2024-02-01,exports,78.52937
2024-03-01,exports,86.4073
2024-04-01,exports,72.9621
2024-05-01,exports,73.67294
2024-06-01,exports,76.79442
2024-07-01,exports,78.36255
2024-08-01,exports,73.46517
2024-09-01,exports,73.74445
2024-10-01,exports,86.205
2024-11-01,exports,73.5885
2024-12-01,exports,73.99
2025-01-01,exports,73.831
2025-02-01,exports,73.825
2025-03-01,exports,73.62
2025-04-01,exports,79.11423
2025-05-01,exports,75.417
2025-06-01,exports,76.075
2025-07-01,exports,76.841
2025-08-01,exports,76.22549
2025-09-01,exports,76.45149
2025-10-01,exports,25.35
2025-11-01,exports,103.55155
2025-12-01,exports,103.74323
2026-01-01,exports,76.3457
2026-02-01,exports,75.84440999999998
2026-03-01,exports,79.0133
2026-04-01,exports,77.06621
2026-05-01,exports,77.30637
2026-06-01,exports,77.79689
2018-01-01,losses,1200.3838057448863
2018-02-01,losses,903.8396245498352
2018-03-01,losses,1681.1045460086114
2018-04-01,losses,1484.2351117247422
2018-05-01,losses,1524.4233348051807
2018-06-01,losses,1487.7205001041598
2018-07-01,losses,1563.615043234959
2018-08-01,losses,1679.49331927298
2018-09-01,losses,1262.2555090980593
2018-10-01,losses,1424.946917280491
2018-11-01,losses,1356.2364800555467
2018-12-01,losses,1222.8287932205408
2019-01-01,losses,1411.4888797851077
2019-02-01,losses,922.1813658171613
2019-03-01,losses,1735.5785410697583
2019-04-01,losses,1282.0117602990133
2019-05-01,losses,1763.2386625841755
2019-06-01,losses,1254.2687411271243
2019-07-01,losses,1590.152281251075
2019-08-01,losses,1471.9324641237347
2019-09-01,losses,1460.142479983535
2019-10-01,losses,1416.588468447296
2019-11-01,losses,1375.3632414378208
2019-12-01,losses,1304.6719090030567
2020-01-01,losses,1402.7434828621688
2020-02-01,losses,1161.316261117393
2020-03-01,losses,1674.341259061774
2020-04-01,losses,1192.2839361336376
2020-05-01,losses,1553.9476671138423
2020-06-01,losses,1413.3392075994655
2020-07-01,losses,1357.174850188724
2020-08-01,losses,1578.8631640382737
2020-09-01,losses,1166.417801294884
2020-10-01,losses,1403.3739716263567
2020-11-01,losses,1195.4896956735022
2020-12-01,losses,1518.763646647053
2021-01-01,losses,1277.2718831883615
2021-02-01,losses,1125.4281253817999
2021-03-01,losses,1766.1485430512116
2021-04-01,losses,1519.1518899720209
2021-05-01,losses,1672.266821646826
2021-06-01,losses,1517.1672444168094
2021-07-01,losses,1570.2674647495407
2021-08-01,losses,1531.0654558299716
2021-09-01,losses,1292.6559901060014
2021-10-01,losses,1735.3006150622361
2021-11-01,losses,1383.3046805200195
2021-12-01,losses,1479.1961711311947
2022-01-01,losses,1706.8958434140532
2022-02-01,losses,1309.7579037391986
2022-03-01,losses,1724.4481764965217
2022-04-01,losses,1672.5388703024732
2022-05-01,losses,1873.4764670881445
2022-06-01,losses,1543.7162065918133
2022-07-01,losses,1913.377189824908
2022-08-01,losses,1794.2458355798794
2022-09-01,losses,1506.9369270306568
2022-10-01,losses,1702.343135641712
2022-11-01,losses,1501.5406086162682
2022-12-01,losses,1508.5639041116456
2023-01-01,losses,1276.3242687840998
2023-02-01,losses,748.3683530000006
2023-03-01,losses,1238.7622669999957
2023-04-01,losses,1124.7886369700007
2023-05-01,losses,1386.545486070009
2023-06-01,losses,1173.6695249999793
2023-07-01,losses,1206.7387183104156
2023-08-01,losses,1396.5311608383404
2023-09-01,losses,949.1480252590069
2023-10-01,losses,1364.0082695516203
2023-11-01,losses,918.5968916359741
2023-12-01,losses,985.83858483974
2024-01-01,losses,1188.7333444586907
2024-02-01,losses,1023.7384670827489
2024-03-01,losses,1576.054667868996
2024-04-01,losses,1508.1739346283728
2024-05-01,losses,1699.4754059149022
2024-06-01,losses,1401.330413278751
2024-07-01,losses,1532.3085694805684
2024-08-01,losses,1536.8538162270938
2024-09-01,losses,1349.4151752395994
2024-10-01,losses,1425.8941995625792
2024-11-01,losses,1415.0711334480818
2024-12-01,losses,1413.915509676144
2025-01-01,losses,1163.5954799905887
2025-02-01,losses,725.4251880673226
2025-03-01,losses,1259.0479610028642
2025-04-01,losses,885.029404089296
2025-05-01,losses,1128.2335626409908
2025-06-01,losses,985.4512347537827
2025-07-01,losses,1100.4434299062455
2025-08-01,losses,1266.611278287787
2025-09-01,losses,1409.176484370229
2025-10-01,losses,578.2166830025438
2025-11-01,losses,1157.9747857729874
2025-12-01,losses,1053.9386460964743
2026-01-01,losses,934.3595763780958
2026-02-01,losses,602.3828696393373
2026-03-01,losses,1247.1045717600032
2026-04-01,losses,1234.4683273714954
2026-05-01,losses,955.5621277800003
2026-06-01,losses,853.9951480899996
